,index,Unnamed: 0,Unnamed: 0.1,Name,EX,EW,Subtotal (EX+EW),CR(PE),CR(PEW),Subtotal (EX+EW+ CR(PE)+CR(PEW)),CR,EN,VU,Subtotal (threatened spp.),LR/cd,NT or LR/nt,LC or LR/lc,DD,Total,species,CODE
0,0,0,0,Antarctica,0,0,0,0,0,0,0,1,7,8,0,5,162,35,210,animal,ATA
1,4,4,1,Bouvet Island,0,0,0,0,0,0,0,0,2,2,0,0,93,3,98,animal,BVT
2,8,8,2,French Southern Territories,1,0,1,0,0,1,3,10,16,29,0,7,977,54,"1,068",animal,ATF
3,12,12,3,Heard Island and McDonald Islands,0,0,0,0,0,0,0,4,9,13,0,1,125,6,145,animal,HMD
4,16,16,4,South Georgia and the South Sandwich Islands,0,0,0,0,0,0,0,4,5,9,0,6,195,12,222,animal,SGS
5,20,20,5,Anguilla,1,0,1,0,0,1,9,14,35,58,0,23,"1,156",67,"1,305",animal,AIA
6,24,24,6,Antigua and Barbuda,3,0,3,0,0,3,12,14,37,63,0,29,"1,274",68,"1,437",animal,ATG
7,28,28,7,Aruba,0,0,0,0,0,0,7,10,30,47,0,23,"1,111",55,"1,236",animal,ABW
8,32,32,8,Bahamas,2,0,2,1,0,3,14,22,52,88,0,41,"1,711",116,"1,958",animal,BHS
9,36,36,9,Barbados,1,0,1,3,0,4,13,14,35,62,0,32,"1,277",70,"1,442",animal,BRB
10,40,40,10,Bermuda,5,0,5,1,1,7,31,12,30,73,0,25,947,70,"1,120",animal,BMU
11,44,44,11,"Bonaire, Sint Eustatius and Saba",1,0,1,0,0,1,11,12,42,65,0,25,"1,232",75,"1,398",animal,BES
12,48,48,12,Cayman Islands,2,0,2,0,0,2,11,19,32,62,0,32,"1,182",70,"1,348",animal,CYM
13,52,52,13,Cuba,7,0,7,3,0,10,37,69,82,188,0,69,"1,782",130,"2,176",animal,CUB
14,56,56,14,Curaçao,0,0,0,0,0,0,10,14,36,60,0,24,"1,125",77,"1,286",animal,CUW
15,60,60,15,Dominica,1,0,1,1,0,2,11,17,37,65,0,34,"1,306",72,"1,478",animal,DMA
16,64,64,16,Dominican Republic,9,0,9,6,0,15,32,62,66,160,0,56,"1,462",79,"1,766",animal,DOM
17,68,68,17,Grenada,0,0,0,0,0,0,10,14,38,62,0,28,"1,252",72,"1,414",animal,GRD
18,72,72,18,Guadeloupe,7,0,7,2,0,9,13,20,42,75,0,36,"1,235",70,"1,423",animal,GLP
19,76,76,19,Haiti,10,0,10,13,0,23,61,53,66,180,0,54,"1,406",75,"1,725",animal,HTI
20,80,80,20,Jamaica,3,0,3,5,0,8,25,41,45,111,0,46,"1,328",79,"1,567",animal,JAM
21,84,84,21,Martinique,6,0,6,3,0,9,10,15,29,54,0,27,"1,209",61,"1,357",animal,MTQ
22,88,88,22,Montserrat,0,0,0,1,0,1,9,12,36,57,0,26,"1,169",58,"1,310",animal,MSR
23,92,92,23,Puerto Rico,5,0,5,4,0,9,19,23,40,82,0,41,"1,495",85,"1,708",animal,PRI
24,96,96,24,Saint Barthélemy,0,0,0,0,0,0,6,10,27,43,0,14,815,38,910,animal,BLM
25,100,100,25,Saint Kitts and Nevis,1,0,1,0,0,1,10,11,37,58,0,29,"1,225",65,"1,378",animal,KNA
26,104,104,26,Saint Lucia,3,0,3,0,0,3,10,21,35,66,0,31,"1,274",62,"1,436",animal,LCA
27,108,108,27,Saint Martin (French part),0,0,0,1,0,1,9,11,35,55,0,19,"1,038",65,"1,177",animal,MAF
28,112,112,28,Saint Vincent and the Grenadines,1,0,1,0,0,1,9,16,38,63,0,29,"1,302",68,"1,463",animal,VCT
29,116,116,29,Sint Maarten (Dutch part),0,0,0,1,0,1,9,11,35,55,0,17,"1,016",58,"1,146",animal,SXM
30,120,120,30,Trinidad and Tobago,0,0,0,0,0,0,14,18,49,81,1,38,"1,906",89,"2,115",animal,TTO
31,124,124,31,Turks and Caicos Islands,0,0,0,0,0,0,7,14,37,58,0,28,"1,195",67,"1,348",animal,TCA
32,128,128,32,"Virgin Islands, British",0,0,0,2,0,2,14,15,38,67,0,29,"1,263",72,"1,431",animal,VGB
33,132,132,33,"Virgin Islands, U.S.",1,0,1,5,0,6,11,16,30,57,0,29,"1,243",71,"1,401",animal,VIR
34,136,136,34,China,4,1,5,17,0,22,105,198,314,617,1,247,"4,316","1,045","6,231",animal,CHN
35,140,140,35,Hong Kong,0,0,0,1,0,1,13,24,40,77,1,30,940,91,"1,139",animal,HKG
36,144,144,36,Japan,14,1,15,1,0,16,46,149,256,451,3,267,"3,372",508,"4,616",animal,JPN
37,148,148,37,"Korea, Democratic People's Republic of",1,0,1,0,0,1,7,26,47,80,0,37,718,72,908,animal,PRK
38,152,152,38,"Korea, Republic of",1,0,1,0,0,1,12,39,61,112,0,50,"1,242",108,"1,513",animal,KOR
39,156,156,39,Macao,0,0,0,0,0,0,5,10,11,26,0,5,402,31,464,animal,MAC
40,160,160,40,Mongolia,0,0,0,0,0,0,5,11,24,40,0,29,546,10,625,animal,MNG
41,164,164,41,"Taiwan, Province of China",0,0,0,0,0,0,21,69,221,311,2,214,"2,997",308,"3,832",animal,TWN
42,168,168,42,Åland Islands,0,0,0,0,0,0,0,0,0,0,0,0,17,1,18,animal,ALA
43,172,172,43,Albania,1,0,1,1,0,2,19,49,72,140,0,88,"1,045",79,"1,353",animal,ALB
44,176,176,44,Andorra,0,0,0,0,0,0,0,3,11,14,0,20,309,7,350,animal,AND
45,180,180,45,Austria,3,0,3,4,0,7,24,29,52,105,0,81,851,66,"1,106",animal,AUT
46,184,184,46,Belgium,1,0,1,0,0,1,6,6,32,44,0,48,704,38,835,animal,BEL
47,188,188,47,Bosnia and Herzegovina,0,0,0,0,0,0,9,29,62,100,0,69,908,89,"1,166",animal,BIH
48,192,192,48,Bulgaria,0,0,0,0,0,0,16,19,73,108,0,86,938,72,"1,204",animal,BGR
49,196,196,49,Croatia,1,0,1,3,0,4,34,42,105,181,0,99,"1,208",124,"1,613",animal,HRV
50,200,200,50,Czechia,0,0,0,0,0,0,4,10,31,45,0,55,706,39,845,animal,CZE
51,204,204,51,Denmark,0,0,0,0,0,0,7,9,36,52,0,42,688,32,814,animal,DNK
52,208,208,52,Estonia,0,0,0,0,0,0,2,4,17,23,0,29,517,9,578,animal,EST
53,212,212,53,Faroe Islands,1,0,1,0,0,1,3,5,19,27,0,16,300,20,364,animal,FRO
54,216,216,54,Finland,0,0,0,0,0,0,4,3,23,30,0,38,537,14,619,animal,FIN
55,220,220,55,France,8,0,8,6,0,14,30,63,169,262,0,159,"1,943",287,"2,659",animal,FRA
56,224,224,56,Germany,4,0,4,5,0,9,18,29,62,109,0,83,939,82,"1,217",animal,DEU
57,228,228,57,Gibraltar,0,0,0,0,0,0,5,8,30,43,0,20,530,32,625,animal,GIB
58,232,232,58,Greece,4,0,4,11,1,16,77,114,250,441,0,161,"1,528",264,"2,398",animal,GRC
59,236,236,59,Greenland,1,0,1,0,0,1,2,5,20,27,0,8,217,20,273,animal,GRL
60,240,240,60,Guernsey,0,0,0,0,0,0,1,1,11,13,0,3,197,12,225,animal,GGY
61,244,244,61,Holy See (Vatican City State),0,0,0,0,0,0,0,0,2,2,0,3,21,2,28,animal,VAT
62,247,560,140,Bolivia,0,0,0,9,0,9,35,34,88,157,2,98,"2,312",132,"2,701",animal,BOL
63,248,248,62,Hungary,0,0,0,0,0,0,7,15,41,63,0,54,693,47,857,animal,HUN
64,252,252,63,Iceland,1,0,1,0,0,1,5,8,20,33,0,19,353,27,433,animal,ISL
65,256,256,64,Ireland,1,0,1,0,0,1,9,11,37,57,0,37,768,65,928,animal,IRL
66,260,260,65,Isle of Man,0,0,0,0,0,0,1,2,4,7,0,3,79,6,95,animal,IMN
67,264,264,66,Italy,3,0,3,7,0,10,48,97,181,326,0,199,"1,619",263,"2,410",animal,ITA
68,268,268,67,Jersey,0,0,0,0,0,0,1,1,12,14,0,2,204,12,232,animal,JEY
69,272,272,68,Latvia,0,0,0,0,0,0,2,4,25,31,0,39,556,16,642,animal,LVA
70,276,276,69,Liechtenstein,0,0,0,0,0,0,0,1,7,8,0,24,396,7,435,animal,LIE
71,280,280,70,Lithuania,0,0,0,0,0,0,2,3,21,26,0,34,541,15,616,animal,LTU
72,284,284,71,Luxembourg,0,0,0,0,0,0,2,3,7,12,0,22,451,12,497,animal,LUX
73,288,288,72,Malta,0,0,0,0,0,0,8,9,31,48,0,27,563,42,680,animal,MLT
74,292,292,73,Monaco,0,0,0,0,0,0,6,7,23,36,0,13,382,26,457,animal,MCO
75,296,296,74,Montenegro,1,0,1,1,0,2,17,31,59,107,0,87,978,82,"1,255",animal,MNE
76,300,300,75,Netherlands,1,0,1,0,0,1,8,5,33,46,0,49,752,37,885,animal,NLD
77,304,304,76,North Macedonia,2,0,2,2,0,4,19,35,67,121,0,60,725,49,957,animal,MKD
78,308,308,77,Norway,0,0,0,0,0,0,7,11,40,58,0,46,661,30,795,animal,NOR
79,312,312,78,Poland,1,0,1,0,0,1,3,13,36,52,0,59,756,34,902,animal,POL
80,316,316,79,Portugal,6,0,6,17,0,23,107,94,133,334,0,123,"1,698",290,"2,451",animal,PRT
81,320,320,80,Romania,2,0,2,2,0,4,19,28,76,123,0,74,930,74,"1,203",animal,ROU
82,324,324,81,San Marino,0,0,0,0,0,0,1,0,2,3,0,5,61,4,73,animal,SMR
83,328,328,82,Serbia,0,0,0,1,0,1,10,12,50,72,0,65,824,29,990,animal,SRB
84,332,332,83,Slovakia,0,0,0,0,0,0,6,12,36,54,0,60,723,44,881,animal,SVK
85,336,336,84,Slovenia,0,0,0,0,0,0,12,27,107,146,0,56,"1,081",85,"1,368",animal,SVN
86,340,340,85,Spain,2,0,2,12,0,14,77,142,230,449,0,275,"2,175",495,"3,396",animal,ESP
87,344,344,86,Svalbard and Jan Mayen,0,0,0,0,0,0,0,1,10,11,0,7,74,4,96,animal,SJM
88,348,348,87,Sweden,0,0,0,0,0,0,5,7,36,48,0,50,681,32,811,animal,SWE
89,352,352,88,Switzerland,6,0,6,0,0,6,4,15,53,72,0,68,782,58,986,animal,CHE
90,356,356,89,United Kingdom,2,0,2,0,0,2,12,21,58,91,0,60,986,72,"1,211",animal,GBR
91,360,360,90,Belize,1,0,1,0,0,1,11,28,58,97,0,59,"2,074",94,"2,325",animal,BLZ
92,364,364,91,Costa Rica,4,0,4,7,0,11,35,82,154,271,0,107,"3,392",235,"4,009",animal,CRI
93,368,368,92,El Salvador,0,0,0,0,0,0,8,24,52,84,0,49,"1,615",84,"1,832",animal,SLV
94,372,372,93,Guatemala,3,0,3,5,0,8,47,88,122,257,0,83,"2,810",167,"3,320",animal,GTM
95,376,376,94,Honduras,4,0,4,10,0,14,62,76,107,245,0,88,"3,030",160,"3,527",animal,HND
96,380,380,95,Mexico,21,9,30,35,3,68,202,343,362,907,1,217,"4,930",585,"6,670",animal,MEX
97,384,384,96,Nicaragua,1,0,1,0,0,1,26,31,95,152,0,82,"2,948",162,"3,345",animal,NIC
98,388,388,97,Panama,2,0,2,8,1,11,56,82,131,269,0,118,"3,534",296,"4,219",animal,PAN
99,392,392,98,Algeria,2,1,3,0,0,3,18,40,77,135,0,56,928,142,"1,264",animal,DZA
100,396,396,99,Egypt,1,1,2,0,0,2,15,36,129,180,2,134,"1,759",184,"2,261",animal,EGY
101,400,400,100,Libya,0,1,1,0,0,1,11,18,45,74,0,29,689,69,862,animal,LBY
102,404,404,101,Morocco,2,0,2,0,0,2,30,63,95,188,0,79,"1,458",176,"1,903",animal,MAR
103,408,408,102,Tunisia,11,0,11,1,0,12,16,26,61,103,0,47,856,102,"1,119",animal,TUN
104,412,412,103,Western Sahara,0,1,1,0,0,1,7,22,36,65,0,36,930,102,"1,134",animal,ESH
105,416,416,104,Canada,9,0,9,3,0,12,18,32,84,134,0,64,"1,902",87,"2,196",animal,CAN
106,420,420,105,Saint Pierre and Miquelon,0,0,0,0,0,0,2,4,16,22,0,16,403,17,458,animal,SPM
107,424,424,106,United States,237,4,241,29,0,270,224,298,566,"1,088",5,336,"5,719",609,"7,998",animal,USA
108,428,428,107,Belarus,0,0,0,0,0,0,3,2,21,26,0,38,482,8,554,animal,BLR
109,436,436,109,Russian Federation,3,1,4,2,0,6,28,49,111,188,0,118,"1,735",233,"2,278",animal,RUS
110,440,440,110,Ukraine,2,0,2,1,0,3,12,26,56,94,0,66,889,78,"1,129",animal,UKR
111,444,444,111,American Samoa,1,0,1,0,0,1,3,20,77,100,3,82,"1,248",57,"1,491",animal,ASM
112,448,448,112,Australia,42,0,42,7,0,49,138,255,613,"1,006",3,442,"5,868",661,"8,022",animal,AUS
113,452,452,113,Christmas Island,4,2,6,1,0,7,3,16,30,49,0,29,939,31,"1,054",animal,CXR
114,456,456,114,Cocos (Keeling) Islands,0,0,0,0,0,0,1,13,33,47,0,26,842,31,946,animal,CCK
115,460,460,115,Cook Islands,15,0,15,0,0,15,1,15,53,69,1,52,"1,011",50,"1,198",animal,COK
116,464,464,116,Fiji,1,0,1,5,0,6,28,52,166,246,3,163,"1,809",132,"2,354",animal,FJI
117,468,468,117,French Polynesia,60,11,71,2,0,73,46,26,67,139,2,62,"1,290",107,"1,671",animal,PYF
118,472,472,118,Guam,5,1,6,0,0,6,8,26,72,106,2,91,"1,220",105,"1,530",animal,GUM
119,476,476,119,Kiribati,1,0,1,0,0,1,0,17,96,113,3,117,"1,277",63,"1,574",animal,KIR
120,480,480,120,Marshall Islands,0,0,0,0,0,0,1,14,94,109,3,118,"1,325",63,"1,618",animal,MHL
121,484,484,121,"Micronesia, Federated States of",2,0,2,1,0,3,6,29,139,174,3,148,"1,641",126,"2,094",animal,FSM
122,488,488,122,Nauru,0,0,0,0,0,0,1,10,79,90,0,110,"1,032",39,"1,271",animal,NRU
123,492,492,123,New Caledonia,5,0,5,3,0,8,41,56,159,256,3,163,"2,187",182,"2,796",animal,NCL
124,496,496,124,New Zealand,23,0,23,7,0,30,45,77,109,231,0,66,"1,066",210,"1,596",animal,NZL
125,500,500,125,Niue,0,0,0,0,0,0,1,13,44,58,0,54,885,34,"1,031",animal,NIU
126,504,504,126,Norfolk Island,8,0,8,0,0,8,2,11,36,49,0,28,637,27,749,animal,NFK
127,508,508,127,Northern Mariana Islands,2,0,2,0,0,2,9,24,72,105,3,91,"1,293",70,"1,564",animal,MNP
128,512,512,128,Palau,1,0,1,13,0,14,28,35,128,191,4,146,"1,884",107,"2,333",animal,PLW
129,516,516,129,Papua New Guinea,1,0,1,2,0,3,49,87,301,437,3,284,"4,051",525,"5,301",animal,PNG
130,520,520,130,Pitcairn,0,0,0,0,0,0,1,8,28,37,1,25,523,27,613,animal,PCN
131,524,524,131,Samoa,2,0,2,0,0,2,5,20,75,100,3,85,"1,344",78,"1,612",animal,WSM
132,528,528,132,Solomon Islands,2,0,2,3,0,5,15,39,189,243,3,201,"2,210",145,"2,804",animal,SLB
133,532,532,133,Tokelau,0,0,0,0,0,0,1,11,46,58,2,58,899,34,"1,051",animal,TKL
134,536,536,134,Tonga,2,0,2,2,0,4,5,20,68,93,3,70,"1,418",59,"1,645",animal,TON
135,540,540,135,Tuvalu,0,0,0,0,0,0,1,14,87,102,3,113,"1,094",46,"1,358",animal,TUV
136,544,544,136,United States Minor Outlying Islands,1,0,1,0,0,1,4,9,63,76,1,75,"1,256",53,"1,462",animal,UMI
137,548,548,137,Vanuatu,1,0,1,0,0,1,2,23,114,139,3,135,"1,804",96,"2,178",animal,VUT
138,552,552,138,Wallis and Futuna,0,0,0,0,0,0,2,13,78,93,0,94,"1,201",50,"1,438",animal,WLF
139,556,556,139,Argentina,3,3,6,6,0,12,41,69,118,228,0,127,"2,211",178,"2,750",animal,ARG
140,560,632,158,Disputed Territory,0,0,0,0,0,0,1,5,14,20,0,5,"1,086",34,"1,145",animal,None
141,564,564,141,Brazil,11,2,13,11,0,24,105,144,287,536,9,230,"4,768",700,"6,256",animal,BRA
142,568,568,142,Chile,1,0,1,3,0,4,25,62,81,168,0,84,"1,302",201,"1,756",animal,CHL
143,572,572,143,Colombia,1,0,1,40,2,43,126,227,361,714,2,259,"5,283",586,"6,845",animal,COL
144,577,577,144,Ecuador,8,0,8,41,0,49,112,164,296,572,2,207,"3,527",371,"4,687",animal,ECU
145,580,580,145,Falkland Islands (Malvinas),1,0,1,0,0,1,0,8,11,19,0,10,281,17,328,animal,FLK
146,584,584,146,French Guiana,0,0,0,0,0,0,13,16,45,74,1,46,"2,081",93,"2,295",animal,GUF
147,586,432,108,Moldova,1,0,1,0,0,1,6,5,22,33,0,33,442,6,515,animal,MDA
148,588,588,147,Guyana,0,0,0,0,0,0,14,28,61,103,2,57,"2,281",109,"2,552",animal,GUY
149,592,592,148,Paraguay,0,3,3,2,0,5,7,12,30,49,0,61,"1,106",38,"1,257",animal,PRY
150,596,596,149,Peru,1,0,1,10,0,11,58,155,209,422,2,204,"3,891",474,"4,994",animal,PER
151,600,600,150,Suriname,0,0,0,0,0,0,10,17,45,72,0,53,"2,141",95,"2,361",animal,SUR
152,604,604,151,Uruguay,2,0,2,2,0,4,21,30,60,111,0,51,988,64,"1,216",animal,URY
153,608,608,152,"Venezuela, Bolivarian Republic of",1,0,1,11,0,12,58,108,170,336,1,168,"3,758",316,"4,580",animal,VEN
154,612,612,153,Bangladesh,0,1,1,0,0,1,31,54,76,161,0,78,"1,617",107,"1,964",animal,BGD
155,616,616,154,Bhutan,0,0,0,0,0,0,7,17,34,58,0,40,714,6,818,animal,BTN
156,620,620,155,British Indian Ocean Territory,0,0,0,0,0,0,3,14,78,95,2,103,"1,063",46,"1,309",animal,IOT
157,624,624,156,Brunei Darussalam,0,0,0,0,0,0,13,42,84,139,0,126,"1,588",87,"1,940",animal,BRN
158,628,628,157,Cambodia,0,0,0,1,0,1,35,60,160,255,0,169,"2,157",187,"2,768",animal,KHM
159,636,636,159,India,0,0,0,7,0,7,94,230,398,722,2,331,"4,332",868,"6,255",animal,IND
160,640,640,160,Indonesia,3,0,3,23,3,29,185,323,654,"1,162",4,640,"6,307","1,392","9,508",animal,IDN
161,644,644,161,Lao People's Democratic Republic,1,0,1,2,0,3,34,58,101,193,0,95,"1,530",223,"2,042",animal,LAO
162,648,648,162,Malaysia,1,0,1,14,0,15,96,183,434,713,3,442,"4,168",504,"5,831",animal,MYS
163,652,652,163,Maldives,0,0,0,0,0,0,6,22,59,87,2,94,"1,347",70,"1,600",animal,MDV
164,656,656,164,Myanmar,0,0,0,1,0,1,38,85,177,300,3,258,"3,226",434,"4,221",animal,MMR
165,660,660,165,Nepal,0,0,0,0,0,0,14,25,54,93,0,66,"1,271",65,"1,495",animal,NPL
166,664,664,166,Philippines,15,0,15,3,0,18,54,184,409,647,5,352,"3,652",597,"5,268",animal,PHL
167,668,668,167,Singapore,1,0,1,1,0,2,21,49,208,278,3,229,"1,853",154,"2,518",animal,SGP
168,672,672,168,Sri Lanka,18,0,18,9,0,27,88,134,155,377,2,177,"2,044",165,"2,783",animal,LKA
169,676,676,169,Thailand,2,0,2,5,0,7,58,122,341,521,2,366,"3,974",528,"5,393",animal,THA
170,680,680,170,Timor-Leste,0,0,0,0,0,0,8,16,20,44,0,36,"1,393",59,"1,532",animal,TLS
171,684,684,171,Viet Nam,1,0,1,9,0,10,74,151,280,505,2,253,"3,392",640,"4,793",animal,VNM
172,688,688,172,Angola,0,0,0,0,0,0,16,44,78,138,0,66,"2,655",228,"3,087",animal,AGO
173,692,692,173,Benin,0,0,0,0,0,0,15,26,51,92,0,48,"1,748",107,"1,995",animal,BEN
174,696,696,174,Botswana,0,0,0,0,0,0,4,11,17,32,0,27,"1,111",9,"1,179",animal,BWA
175,700,700,175,Burkina Faso,0,1,1,0,0,1,7,11,12,30,0,18,817,9,875,animal,BFA
176,704,704,176,Burundi,0,0,0,0,0,0,6,19,32,57,0,38,"1,072",36,"1,203",animal,BDI
177,708,708,177,Cabo Verde,1,0,1,0,0,1,9,22,39,70,0,30,905,95,"1,101",animal,CPV
178,712,712,178,Cameroon,0,0,0,6,0,6,67,117,118,302,0,78,"2,704",209,"3,293",animal,CMR
179,716,716,179,Central African Republic,0,0,0,0,0,0,9,13,24,46,0,27,"1,408",50,"1,531",animal,CAF
180,720,720,180,Chad,0,1,1,1,0,2,11,11,23,45,0,20,860,13,939,animal,TCD
181,724,724,181,Comoros,0,0,0,1,0,1,7,29,87,123,0,112,"1,344",77,"1,656",animal,COM
182,728,728,182,Congo,0,0,0,0,0,0,10,25,67,102,0,50,"2,038",142,"2,332",animal,COG
183,732,732,183,"Congo, The Democratic Republic of the",0,0,0,4,0,4,31,84,152,267,0,98,"3,700",423,"4,488",animal,COD
184,736,736,184,Côte d'Ivoire,0,0,0,2,0,2,19,49,84,152,0,80,"2,075",138,"2,445",animal,CIV
185,740,740,185,Djibouti,0,0,0,0,0,0,11,18,86,115,0,119,"1,463",112,"1,809",animal,DJI
186,744,744,186,Equatorial Guinea,0,0,0,0,0,0,16,35,57,108,0,42,"1,593",113,"1,856",animal,GNQ
187,748,748,187,Eritrea,0,0,0,0,0,0,16,27,104,147,0,134,"1,607",118,"2,006",animal,ERI
188,752,752,188,Eswatini,0,0,0,0,0,0,4,10,17,31,0,20,883,6,940,animal,SWZ
189,756,756,189,Ethiopia,0,0,0,2,0,2,17,41,60,118,0,44,"1,402",63,"1,627",animal,ETH
190,760,760,190,Gabon,0,0,0,0,0,0,12,37,69,118,0,50,"2,078",165,"2,411",animal,GAB
191,764,764,191,Gambia,0,0,0,0,0,0,16,23,50,89,0,48,"1,551",112,"1,800",animal,GMB
192,768,768,192,Ghana,0,0,0,2,0,2,27,35,79,141,0,76,"2,157",132,"2,506",animal,GHA
193,772,772,193,Guinea,0,0,0,1,0,1,21,58,101,180,0,75,"2,061",148,"2,464",animal,GIN
194,776,776,194,Guinea-Bissau,0,0,0,0,0,0,13,22,50,85,0,45,"1,522",111,"1,763",animal,GNB
195,780,780,195,Kenya,2,0,2,18,0,20,56,70,160,286,2,181,"3,388",243,"4,102",animal,KEN
196,784,784,196,Lesotho,0,0,0,0,0,0,0,8,8,16,0,19,423,3,461,animal,LSO
197,788,788,197,Liberia,0,0,0,2,0,2,22,43,74,139,0,68,"1,809",128,"2,144",animal,LBR
198,793,793,198,Madagascar,13,0,13,9,0,22,150,318,321,789,2,284,"2,391",433,"3,912",animal,MDG
199,796,796,199,Malawi,1,0,1,5,0,6,28,28,35,91,0,66,"1,569",59,"1,786",animal,MWI
200,800,800,200,Mali,0,1,1,0,0,1,7,12,24,43,0,21,986,13,"1,064",animal,MLI
201,804,804,201,Mauritania,0,1,1,0,0,1,15,28,61,104,0,52,"1,449",119,"1,725",animal,MRT
202,808,808,202,Mauritius,44,0,44,1,0,45,19,43,124,186,2,117,"1,485",139,"1,973",animal,MUS
203,812,812,203,Mayotte,5,0,5,0,0,5,2,18,83,103,0,110,"1,208",59,"1,485",animal,MYT
204,816,816,204,Mozambique,1,0,1,2,0,3,22,63,151,236,2,187,"3,344",223,"3,993",animal,MOZ
205,820,820,205,Namibia,1,0,1,0,0,1,10,33,55,98,0,53,"1,930",96,"2,178",animal,NAM
206,824,824,206,Niger,0,1,1,0,0,1,6,11,20,37,0,19,733,7,797,animal,NER
207,828,828,207,Nigeria,0,1,1,3,0,4,28,61,89,178,0,74,"2,500",152,"2,905",animal,NGA
208,832,832,208,Réunion,20,0,20,1,0,21,10,26,94,130,0,100,"1,303",94,"1,647",animal,REU
209,836,836,209,Rwanda,1,0,1,0,0,1,11,16,31,58,0,32,"1,029",19,"1,139",animal,RWA
210,840,840,210,"Saint Helena, Ascension and Tristan da Cunha",28,0,28,13,0,41,46,58,39,143,0,17,611,52,851,animal,SHN
211,844,844,211,Sao Tome and Principe,0,0,0,0,0,0,9,21,31,61,0,17,741,97,916,animal,STP
212,848,848,212,Senegal,0,1,1,0,0,1,19,42,73,134,0,64,"1,885",152,"2,236",animal,SEN
213,852,852,213,Seychelles,20,0,20,29,0,49,86,158,152,396,2,125,"1,623",114,"2,280",animal,SYC
214,856,856,214,Sierra Leone,0,0,0,1,0,1,20,39,72,131,0,67,"1,867",140,"2,205",animal,SLE
215,860,860,215,Somalia,0,0,0,1,0,1,16,35,108,159,0,144,"2,307",188,"2,798",animal,SOM
216,864,864,216,South Africa,6,0,6,6,0,12,85,178,213,476,2,189,"3,720",340,"4,733",animal,ZAF
217,868,868,217,South Sudan,0,0,0,0,0,0,6,16,22,44,0,20,"1,117",21,"1,202",animal,SSD
218,872,872,218,Sudan,0,1,1,0,0,1,18,28,100,146,0,130,"2,161",135,"2,573",animal,SDN
219,876,876,219,"Tanzania, United Republic of",2,1,3,61,1,65,128,158,261,547,0,221,"3,994",351,"5,116",animal,TZA
220,880,880,220,Togo,0,0,0,1,0,1,18,20,48,86,0,45,"1,764",105,"2,000",animal,TGO
221,884,884,221,Uganda,0,0,0,28,0,28,49,39,73,161,0,58,"1,874",125,"2,218",animal,UGA
222,888,888,222,Zambia,0,0,0,0,0,0,10,26,40,76,0,40,"1,868",71,"2,055",animal,ZMB
223,892,892,223,Zimbabwe,0,0,0,1,0,1,9,15,27,51,0,32,"1,424",26,"1,533",animal,ZWE
224,896,896,224,Afghanistan,0,0,0,0,0,0,4,9,24,37,0,27,590,21,675,animal,AFG
225,900,900,225,Armenia,0,0,0,0,0,0,7,8,26,41,0,38,471,18,568,animal,ARM
226,904,904,226,Azerbaijan,0,1,1,2,0,3,13,10,31,54,0,41,583,45,724,animal,AZE
227,908,908,227,Bahrain,0,0,0,0,0,0,10,10,30,50,0,53,642,31,776,animal,BHR
228,912,912,228,Cyprus,0,0,0,1,0,1,10,21,35,66,0,37,650,66,819,animal,CYP
229,916,916,229,Georgia,0,0,0,0,0,0,7,10,39,56,0,47,601,24,728,animal,GEO
230,920,920,230,"Iran, Islamic Republic of",0,1,1,1,0,2,23,40,94,157,0,98,"1,698",163,"2,117",animal,IRN
231,924,924,231,Iraq,0,0,0,1,0,1,12,16,53,81,0,71,935,48,"1,135",animal,IRQ
232,928,928,232,Israel,4,0,4,0,0,4,23,46,122,191,0,135,"1,601",154,"2,085",animal,ISR
233,932,932,233,Jordan,0,0,0,0,0,0,4,26,88,118,0,118,"1,253",97,"1,586",animal,JOR
234,936,936,234,Kazakhstan,1,1,2,2,0,4,15,19,44,78,0,38,760,60,938,animal,KAZ
235,940,940,235,Kuwait,1,0,1,0,0,1,8,13,39,60,0,55,753,35,904,animal,KWT
236,944,944,236,Kyrgyzstan,0,0,0,0,0,0,1,12,26,39,0,24,461,14,538,animal,KGZ
237,948,948,237,Lebanon,0,0,0,0,0,0,9,27,47,83,0,40,722,69,914,animal,LBN
238,952,952,238,Oman,0,0,0,1,0,1,13,34,70,117,0,94,"1,581",129,"1,921",animal,OMN
239,956,956,239,Pakistan,0,0,0,1,0,1,20,46,89,155,0,97,"1,667",96,"2,015",animal,PAK
240,960,960,240,"Palestine, State of",0,0,0,0,0,0,4,13,17,34,0,22,366,21,443,animal,PSE
241,964,964,241,Qatar,0,0,0,0,0,0,11,10,36,57,0,54,666,25,802,animal,QAT
242,968,968,242,Saudi Arabia,1,0,1,0,0,1,13,34,106,153,2,139,"1,602",151,"2,048",animal,SAU
243,972,972,243,Syrian Arab Republic,1,0,1,6,0,7,18,37,65,120,0,51,857,90,"1,119",animal,SYR
244,976,976,244,Tajikistan,0,0,0,1,0,1,3,9,24,36,0,21,460,26,543,animal,TJK
245,980,980,245,Turkey,4,0,4,12,0,16,69,108,124,301,0,104,"1,295",196,"1,900",animal,TUR
246,984,984,246,Turkmenistan,0,1,1,1,0,2,11,14,30,55,0,29,573,44,702,animal,TKM
247,988,988,247,United Arab Emirates,0,0,0,0,0,0,10,25,45,80,0,57,"1,072",58,"1,267",animal,ARE
248,992,992,248,Uzbekistan,0,0,0,2,0,2,9,10,28,47,0,28,505,22,602,animal,UZB
249,996,996,249,Yemen,2,0,2,1,0,3,11,34,118,163,0,154,"1,909",185,"2,413",animal,YEM
