Name,EX,EW,Subtotal (EX+EW),CR(PE),CR(PEW),Subtotal (EX+EW+ CR(PE)+CR(PEW)),CR,EN,VU,Subtotal (threatened spp.),LR/cd,NT or LR/nt,LC or LR/lc,DD,Total,species,CODE
Antarctica,0,0,0,0,0,0,0,1,7,8,0,5,162,35,210,animal,ATA
Antarctica,0,0,0,0,0,0,0,0,0,0,0,0,0,0,0,plant,ATA
Antarctica,0,0,0,0,0,0,0,0,0,0,0,0,0,0,0,chromist,ATA
Åland Islands,0,0,0,0,0,0,0,0,0,0,0,0,1,0,1,fungus,ALA
Bouvet Island,0,0,0,0,0,0,0,0,2,2,0,0,93,3,98,animal,BVT
Bouvet Island,0,0,0,0,0,0,0,0,0,0,0,0,1,0,1,plant,BVT
Bouvet Island,0,0,0,0,0,0,0,0,0,0,0,0,0,0,0,chromist,BVT
Afghanistan,0,0,0,0,0,0,0,0,0,0,0,0,2,0,2,fungus,AFG
French Southern Territories,1,0,1,0,0,1,3,10,16,29,0,7,977,54,"1,068",animal,ATF
French Southern Territories,0,0,0,0,0,0,0,1,0,1,0,0,7,0,8,plant,ATF
French Southern Territories,0,0,0,0,0,0,0,0,0,0,0,0,0,0,0,chromist,ATF
Albania,0,0,0,0,0,0,0,0,0,0,0,1,1,0,2,fungus,ALB
Heard Island and McDonald Islands,0,0,0,0,0,0,0,4,9,13,0,1,125,6,145,animal,HMD
Heard Island and McDonald Islands,0,0,0,0,0,0,0,0,0,0,0,0,1,0,1,plant,HMD
Heard Island and McDonald Islands,0,0,0,0,0,0,0,0,0,0,0,0,0,0,0,chromist,HMD
Algeria,0,0,0,0,0,0,0,0,2,2,0,1,3,0,6,fungus,DZA
South Georgia and the South Sandwich Islands,0,0,0,0,0,0,0,4,5,9,0,6,195,12,222,animal,SGS
South Georgia and the South Sandwich Islands,0,0,0,0,0,0,0,0,0,0,0,0,7,0,7,plant,SGS
South Georgia and the South Sandwich Islands,0,0,0,0,0,0,0,0,0,0,0,0,0,0,0,chromist,SGS
American Samoa,0,0,0,0,0,0,0,0,0,0,0,0,0,0,0,fungus,ASM
Anguilla,1,0,1,0,0,1,9,14,35,58,0,23,"1,156",67,"1,305",animal,AIA
Anguilla,0,0,0,0,0,0,1,1,1,3,0,0,96,0,99,plant,AIA
Anguilla,0,0,0,0,0,0,0,0,0,0,0,0,0,0,0,chromist,AIA
Andorra,0,0,0,0,0,0,0,0,0,0,0,0,23,0,23,fungus,AND
Antigua and Barbuda,3,0,3,0,0,3,12,14,37,63,0,29,"1,274",68,"1,437",animal,ATG
Antigua and Barbuda,0,0,0,0,0,0,0,2,1,3,0,1,180,1,185,plant,ATG
Antigua and Barbuda,0,0,0,0,0,0,0,0,0,0,0,0,0,0,0,chromist,ATG
Angola,0,0,0,0,0,0,0,0,0,0,0,0,0,0,0,fungus,AGO
Aruba,0,0,0,0,0,0,7,10,30,47,0,23,"1,111",55,"1,236",animal,ABW
Aruba,0,0,0,0,0,0,0,2,3,5,0,1,65,0,71,plant,ABW
Aruba,0,0,0,0,0,0,0,0,0,0,0,0,0,0,0,chromist,ABW
Anguilla,0,0,0,0,0,0,0,0,0,0,0,0,0,0,0,fungus,AIA
Bahamas,2,0,2,1,0,3,14,22,52,88,0,41,"1,711",116,"1,958",animal,BHS
Bahamas,0,0,0,0,0,0,2,13,6,21,0,10,235,3,269,plant,BHS
Bahamas,0,0,0,0,0,0,0,0,0,0,0,0,0,0,0,chromist,BHS
Antarctica,0,0,0,0,0,0,0,0,0,0,0,0,0,0,0,fungus,ATA
Barbados,1,0,1,3,0,4,13,14,35,62,0,32,"1,277",70,"1,442",animal,BRB
Barbados,0,0,0,0,0,0,0,1,3,4,0,0,138,2,144,plant,BRB
Barbados,0,0,0,0,0,0,0,0,0,0,0,0,0,0,0,chromist,BRB
Antigua and Barbuda,0,0,0,0,0,0,0,0,0,0,0,0,0,0,0,fungus,ATG
Bermuda,5,0,5,1,1,7,31,12,30,73,0,25,947,70,"1,120",animal,BMU
Bermuda,0,1,1,0,0,1,2,5,1,8,0,1,42,1,53,plant,BMU
Bermuda,0,0,0,0,0,0,0,0,0,0,0,0,0,0,0,chromist,BMU
Argentina,0,0,0,0,0,0,5,4,10,19,0,4,30,3,56,fungus,ARG
"Bonaire, Sint Eustatius and Saba",1,0,1,0,0,1,11,12,42,65,0,25,"1,232",75,"1,398",animal,BES
"Bonaire, Sint Eustatius and Saba",0,0,0,0,0,0,0,2,4,6,0,1,151,0,158,plant,BES
"Bonaire, Sint Eustatius and Saba",0,0,0,0,0,0,0,0,0,0,0,0,0,0,0,chromist,BES
Armenia,0,0,0,0,0,0,0,0,0,0,0,0,4,0,4,fungus,ARM
Cayman Islands,2,0,2,0,0,2,11,19,32,62,0,32,"1,182",70,"1,348",animal,CYM
Cayman Islands,0,0,0,0,0,0,11,7,5,23,0,4,163,3,193,plant,CYM
Cayman Islands,0,0,0,0,0,0,0,0,0,0,0,0,0,0,0,chromist,CYM
Aruba,0,0,0,0,0,0,0,0,0,0,0,0,0,0,0,fungus,ABW
Cuba,7,0,7,3,0,10,37,69,82,188,0,69,"1,782",130,"2,176",animal,CUB
Cuba,8,1,9,0,0,9,31,66,90,187,0,13,539,4,752,plant,CUB
Australia,0,0,0,0,0,0,1,5,7,13,0,2,12,3,30,fungus,AUS
Cuba,0,0,0,0,0,0,0,0,0,0,0,0,0,0,0,chromist,CUB
Curaçao,0,0,0,0,0,0,10,14,36,60,0,24,"1,125",77,"1,286",animal,CUW
Curaçao,0,0,0,0,0,0,0,1,3,4,0,1,88,0,93,plant,CUW
Austria,0,0,0,0,0,0,0,6,40,46,0,21,39,1,107,fungus,AUT
Curaçao,0,0,0,0,0,0,0,0,0,0,0,0,0,0,0,chromist,CUW
Dominica,1,0,1,1,0,2,11,17,37,65,0,34,"1,306",72,"1,478",animal,DMA
Dominica,0,0,0,0,0,0,1,3,8,12,0,3,234,3,252,plant,DMA
Dominica,0,0,0,0,0,0,0,0,0,0,0,0,0,0,0,chromist,DMA
Azerbaijan,0,0,0,0,0,0,0,0,0,0,0,0,3,0,3,fungus,AZE
Dominican Republic,9,0,9,6,0,15,32,62,66,160,0,56,"1,462",79,"1,766",animal,DOM
Dominican Republic,0,0,0,1,0,1,7,16,30,53,0,8,428,8,497,plant,DOM
Bahamas,0,0,0,0,0,0,0,0,0,0,0,0,0,0,0,fungus,BHS
Dominican Republic,0,0,0,0,0,0,0,0,0,0,0,0,0,0,0,chromist,DOM
Grenada,0,0,0,0,0,0,10,14,38,62,0,28,"1,252",72,"1,414",animal,GRD
Grenada,0,0,0,0,0,0,0,1,3,4,0,3,173,0,180,plant,GRD
Grenada,0,0,0,0,0,0,0,0,0,0,0,0,0,0,0,chromist,GRD
Bahrain,0,0,0,0,0,0,0,0,0,0,0,0,0,0,0,fungus,BHR
Guadeloupe,7,0,7,2,0,9,13,20,42,75,0,36,"1,235",70,"1,423",animal,GLP
Guadeloupe,0,0,0,0,0,0,0,3,8,11,0,2,243,2,258,plant,GLP
Guadeloupe,0,0,0,0,0,0,0,0,0,0,0,0,0,0,0,chromist,GLP
Bangladesh,0,0,0,0,0,0,0,0,0,0,0,0,0,0,0,fungus,BGD
Haiti,10,0,10,13,0,23,61,53,66,180,0,54,"1,406",75,"1,725",animal,HTI
Haiti,1,0,1,18,0,19,52,44,39,135,0,7,406,20,569,plant,HTI
Haiti,0,0,0,0,0,0,0,0,0,0,0,0,0,0,0,chromist,HTI
Barbados,0,0,0,0,0,0,0,0,0,0,0,0,0,0,0,fungus,BRB
Jamaica,3,0,3,5,0,8,25,41,45,111,0,46,"1,328",79,"1,567",animal,JAM
Jamaica,2,0,2,0,0,2,43,54,118,215,0,76,416,7,716,plant,JAM
Belarus,0,0,0,0,0,0,0,1,2,3,0,2,7,0,12,fungus,BLR
Jamaica,0,0,0,0,0,0,0,0,0,0,0,0,0,0,0,chromist,JAM
Martinique,6,0,6,3,0,9,10,15,29,54,0,27,"1,209",61,"1,357",animal,MTQ
Martinique,0,0,0,0,0,0,0,3,7,10,0,3,237,2,252,plant,MTQ
Martinique,0,0,0,0,0,0,0,0,0,0,0,0,0,0,0,chromist,MTQ
Belgium,0,0,0,0,0,0,0,2,21,23,0,7,38,0,68,fungus,BEL
Montserrat,0,0,0,1,0,1,9,12,36,57,0,26,"1,169",58,"1,310",animal,MSR
Montserrat,0,0,0,1,0,1,3,1,3,7,0,1,156,0,164,plant,MSR
Montserrat,0,0,0,0,0,0,0,0,0,0,0,0,0,0,0,chromist,MSR
Belize,0,0,0,0,0,0,0,0,0,0,0,0,0,0,0,fungus,BLZ
Puerto Rico,5,0,5,4,0,9,19,23,40,82,0,41,"1,495",85,"1,708",animal,PRI
Puerto Rico,0,0,0,0,0,0,23,23,22,68,0,17,396,4,485,plant,PRI
Benin,0,0,0,0,0,0,0,0,0,0,0,0,1,0,1,fungus,BEN
Puerto Rico,0,0,0,0,0,0,0,0,0,0,0,0,0,0,0,chromist,PRI
Saint Barthélemy,0,0,0,0,0,0,6,10,27,43,0,14,815,38,910,animal,BLM
Saint Barthélemy,0,0,0,0,0,0,0,1,1,2,0,1,86,0,89,plant,BLM
Saint Barthélemy,0,0,0,0,0,0,0,0,0,0,0,0,0,0,0,chromist,BLM
Bermuda,0,0,0,0,0,0,0,0,0,0,0,0,0,0,0,fungus,BMU
Saint Kitts and Nevis,1,0,1,0,0,1,10,11,37,58,0,29,"1,225",65,"1,378",animal,KNA
Saint Kitts and Nevis,0,0,0,0,0,0,0,0,2,2,0,1,128,2,133,plant,KNA
Saint Kitts and Nevis,0,0,0,0,0,0,0,0,0,0,0,0,0,0,0,chromist,KNA
Bhutan,0,0,0,0,0,0,0,0,2,2,0,0,2,0,4,fungus,BTN
Saint Lucia,3,0,3,0,0,3,10,21,35,66,0,31,"1,274",62,"1,436",animal,LCA
Saint Lucia,0,0,0,0,0,0,0,2,6,8,0,3,207,1,219,plant,LCA
Saint Lucia,0,0,0,0,0,0,0,0,0,0,0,0,0,0,0,chromist,LCA
Bolivia,0,0,0,0,0,0,0,0,0,0,0,0,1,0,1,fungus,BOL
Saint Martin (French part),0,0,0,1,0,1,9,11,35,55,0,19,"1,038",65,"1,177",animal,MAF
Saint Martin (French part),0,0,0,0,0,0,0,2,1,3,0,1,118,1,123,plant,MAF
Saint Martin (French part),0,0,0,0,0,0,0,0,0,0,0,0,0,0,0,chromist,MAF
"Bonaire, Sint Eustatius and Saba",0,0,0,0,0,0,0,0,0,0,0,0,0,0,0,fungus,BES
Saint Vincent and the Grenadines,1,0,1,0,0,1,9,16,38,63,0,29,"1,302",68,"1,463",animal,VCT
Saint Vincent and the Grenadines,0,0,0,0,0,0,0,1,4,5,0,3,220,2,230,plant,VCT
Saint Vincent and the Grenadines,0,0,0,0,0,0,0,0,0,0,0,0,0,0,0,chromist,VCT
Bosnia and Herzegovina,0,0,0,0,0,0,0,0,1,1,0,1,4,0,6,fungus,BIH
Sint Maarten (Dutch part),0,0,0,1,0,1,9,11,35,55,0,17,"1,016",58,"1,146",animal,SXM
Sint Maarten (Dutch part),0,0,0,0,0,0,0,2,0,2,0,1,67,0,70,plant,SXM
Sint Maarten (Dutch part),0,0,0,0,0,0,0,0,0,0,0,0,0,0,0,chromist,SXM
Botswana,0,0,0,0,0,0,0,0,0,0,0,0,0,0,0,fungus,BWA
Trinidad and Tobago,0,0,0,0,0,0,14,18,49,81,1,38,"1,906",89,"2,115",animal,TTO
Trinidad and Tobago,0,0,0,6,0,6,15,20,15,50,0,8,479,7,544,plant,TTO
Trinidad and Tobago,0,0,0,0,0,0,0,0,0,0,0,0,0,0,0,chromist,TTO
Bouvet Island,0,0,0,0,0,0,0,0,0,0,0,0,0,0,0,fungus,BVT
Turks and Caicos Islands,0,0,0,0,0,0,7,14,37,58,0,28,"1,195",67,"1,348",animal,TCA
Turks and Caicos Islands,0,0,0,0,0,0,1,7,1,9,0,2,107,1,119,plant,TCA
Turks and Caicos Islands,0,0,0,0,0,0,0,0,0,0,0,0,0,0,0,chromist,TCA
Brazil,0,0,0,0,0,0,1,2,13,16,0,1,5,4,26,fungus,BRA
"Virgin Islands, British",0,0,0,2,0,2,14,15,38,67,0,29,"1,263",72,"1,431",animal,VGB
"Virgin Islands, British",0,0,0,0,0,0,2,15,7,24,0,12,180,0,216,plant,VGB
"Virgin Islands, British",0,0,0,0,0,0,0,0,0,0,0,0,0,0,0,chromist,VGB
British Indian Ocean Territory,0,0,0,0,0,0,0,0,0,0,0,0,0,0,0,fungus,IOT
"Virgin Islands, U.S.",1,0,1,5,0,6,11,16,30,57,0,29,"1,243",71,"1,401",animal,VIR
"Virgin Islands, U.S.",0,0,0,0,0,0,2,10,8,20,0,12,201,0,233,plant,VIR
"Virgin Islands, U.S.",0,0,0,0,0,0,0,0,0,0,0,0,0,0,0,chromist,VIR
Brunei Darussalam,0,0,0,0,0,0,0,0,0,0,0,0,0,0,0,fungus,BRN
China,4,1,5,17,0,22,105,198,314,617,1,247,"4,316","1,045","6,231",animal,CHN
China,3,0,3,8,4,15,113,291,262,666,4,98,"2,349",202,"3,322",plant,CHN
Bulgaria,0,0,0,0,0,0,0,0,8,8,0,5,12,0,25,fungus,BGR
China,0,0,0,0,0,0,0,0,0,0,0,0,0,0,0,chromist,CHN
Hong Kong,0,0,0,1,0,1,13,24,40,77,1,30,940,91,"1,139",animal,HKG
Hong Kong,0,0,0,0,0,0,3,6,5,14,0,5,295,2,316,plant,HKG
Burkina Faso,0,0,0,0,0,0,0,0,0,0,0,0,0,0,0,fungus,BFA
Hong Kong,0,0,0,0,0,0,0,0,0,0,0,0,0,0,0,chromist,HKG
Japan,14,1,15,1,0,16,46,149,256,451,3,267,"3,372",508,"4,616",animal,JPN
Japan,0,0,0,0,0,0,14,22,18,54,0,17,704,29,804,plant,JPN
Burundi,0,0,0,0,0,0,0,0,0,0,0,0,0,0,0,fungus,BDI
Japan,0,0,0,0,0,0,0,0,0,0,0,0,0,0,0,chromist,JPN
"Korea, Democratic People's Republic of",1,0,1,0,0,1,7,26,47,80,0,37,718,72,908,animal,PRK
"Korea, Democratic People's Republic of",0,0,0,0,0,0,1,11,7,19,0,3,267,14,303,plant,PRK
Côte d'Ivoire,0,0,0,0,0,0,0,0,0,0,0,0,0,0,0,fungus,CIV
"Korea, Democratic People's Republic of",0,0,0,0,0,0,0,0,0,0,0,0,0,0,0,chromist,PRK
"Korea, Republic of",1,0,1,0,0,1,12,39,61,112,0,50,"1,242",108,"1,513",animal,KOR
"Korea, Republic of",0,0,0,0,0,0,6,20,11,37,0,7,340,9,393,plant,KOR
Cabo Verde,0,0,0,0,0,0,0,0,0,0,0,0,1,0,1,fungus,CPV
"Korea, Republic of",0,0,0,0,0,0,0,0,0,0,0,0,0,0,0,chromist,KOR
Macao,0,0,0,0,0,0,5,10,11,26,0,5,402,31,464,animal,MAC
Macao,0,0,0,0,0,0,0,0,0,0,0,0,27,0,27,plant,MAC
Macao,0,0,0,0,0,0,0,0,0,0,0,0,0,0,0,chromist,MAC
Cambodia,0,0,0,0,0,0,0,0,0,0,0,0,0,0,0,fungus,KHM
Mongolia,0,0,0,0,0,0,5,11,24,40,0,29,546,10,625,animal,MNG
Mongolia,0,0,0,0,0,0,0,0,0,0,0,1,217,10,228,plant,MNG
Cameroon,0,0,0,0,0,0,0,0,0,0,0,0,0,0,0,fungus,CMR
Mongolia,0,0,0,0,0,0,0,0,0,0,0,0,0,0,0,chromist,MNG
"Taiwan, Province of China",0,0,0,0,0,0,21,69,221,311,2,214,"2,997",308,"3,832",animal,TWN
"Taiwan, Province of China",0,1,1,2,1,4,16,41,31,88,1,14,591,16,711,plant,TWN
Canada,0,0,0,0,0,0,1,10,14,25,0,16,36,2,79,fungus,CAN
"Taiwan, Province of China",0,0,0,0,0,0,0,0,0,0,0,0,0,0,0,chromist,TWN
Åland Islands,0,0,0,0,0,0,0,0,0,0,0,0,17,1,18,animal,ALA
Åland Islands,0,0,0,0,0,0,0,0,1,1,0,0,12,0,13,plant,ALA
Cayman Islands,0,0,0,0,0,0,0,0,0,0,0,0,0,0,0,fungus,CYM
Åland Islands,0,0,0,0,0,0,0,0,0,0,0,0,0,0,0,chromist,ALA
Albania,1,0,1,1,0,2,19,49,72,140,0,88,"1,045",79,"1,353",animal,ALB
Albania,0,0,0,0,0,0,1,0,4,5,0,6,489,32,532,plant,ALB
Central African Republic,0,0,0,0,0,0,0,0,0,0,0,0,0,0,0,fungus,CAF
Albania,0,0,0,0,0,0,0,0,0,0,0,0,0,0,0,chromist,ALB
Andorra,0,0,0,0,0,0,0,3,11,14,0,20,309,7,350,animal,AND
Andorra,0,0,0,0,0,0,0,0,1,1,0,1,124,7,133,plant,AND
Chad,0,0,0,0,0,0,0,0,0,0,0,0,1,0,1,fungus,TCD
Andorra,0,0,0,0,0,0,0,0,0,0,0,0,0,0,0,chromist,AND
Austria,3,0,3,4,0,7,24,29,52,105,0,81,851,66,"1,106",animal,AUT
Austria,0,0,0,0,0,0,6,17,15,38,0,10,479,30,557,plant,AUT
Chile,0,0,0,0,0,0,1,7,7,15,0,5,27,2,49,fungus,CHL
Austria,0,0,0,0,0,0,0,0,0,0,0,0,0,0,0,chromist,AUT
Belgium,1,0,1,0,0,1,6,6,32,44,0,48,704,38,835,animal,BEL
Belgium,0,1,1,0,0,1,0,1,2,3,0,5,368,13,390,plant,BEL
China,0,0,0,0,0,0,0,1,7,8,0,5,19,1,33,fungus,CHN
Belgium,0,0,0,0,0,0,0,0,0,0,0,0,0,0,0,chromist,BEL
Bosnia and Herzegovina,0,0,0,0,0,0,9,29,62,100,0,69,908,89,"1,166",animal,BIH
Bosnia and Herzegovina,0,0,0,0,0,0,1,2,2,5,0,7,370,22,404,plant,BIH
Christmas Island,0,0,0,0,0,0,0,0,0,0,0,0,0,0,0,fungus,CXR
Bosnia and Herzegovina,0,0,0,0,0,0,0,0,0,0,0,0,0,0,0,chromist,BIH
Bulgaria,0,0,0,0,0,0,16,19,73,108,0,86,938,72,"1,204",animal,BGR
Bulgaria,0,0,0,0,0,0,1,4,8,13,0,10,510,47,580,plant,BGR
Cocos (Keeling) Islands,0,0,0,0,0,0,0,0,0,0,0,0,0,0,0,fungus,CCK
Bulgaria,0,0,0,0,0,0,0,0,0,0,0,0,0,0,0,chromist,BGR
Croatia,1,0,1,3,0,4,34,42,105,181,0,99,"1,208",124,"1,613",animal,HRV
Croatia,1,0,1,0,0,1,1,6,4,11,0,11,513,36,572,plant,HRV
Colombia,0,0,0,0,0,0,1,0,4,5,0,5,8,0,18,fungus,COL
Croatia,0,0,0,0,0,0,0,0,0,0,0,0,0,0,0,chromist,HRV
Czechia,0,0,0,0,0,0,4,10,31,45,0,55,706,39,845,animal,CZE
Czechia,0,0,0,0,0,0,10,14,7,31,0,5,408,25,469,plant,CZE
Comoros,0,0,0,0,0,0,0,0,0,0,0,0,0,0,0,fungus,COM
Czechia,0,0,0,0,0,0,0,0,0,0,0,0,0,0,0,chromist,CZE
Denmark,0,0,0,0,0,0,7,9,36,52,0,42,688,32,814,animal,DNK
Denmark,0,0,0,0,0,0,0,0,2,2,0,4,321,9,336,plant,DNK
Congo,0,0,0,0,0,0,0,0,0,0,0,0,0,0,0,fungus,COG
Denmark,0,0,0,0,0,0,0,0,0,0,0,0,0,0,0,chromist,DNK
Estonia,0,0,0,0,0,0,2,4,17,23,0,29,517,9,578,animal,EST
Estonia,0,0,0,0,0,0,1,0,1,2,0,1,256,4,263,plant,EST
"Congo, The Democratic Republic of the",0,0,0,0,0,0,0,0,0,0,0,0,2,0,2,fungus,COD
Estonia,0,0,0,0,0,0,0,0,0,0,0,0,0,0,0,chromist,EST
Faroe Islands,1,0,1,0,0,1,3,5,19,27,0,16,300,20,364,animal,FRO
Faroe Islands,0,0,0,0,0,0,0,0,1,1,0,0,89,0,90,plant,FRO
Cook Islands,0,0,0,0,0,0,0,0,0,0,0,0,0,0,0,fungus,COK
Faroe Islands,0,0,0,0,0,0,0,0,0,0,0,0,0,0,0,chromist,FRO
Finland,0,0,0,0,0,0,4,3,23,30,0,38,537,14,619,animal,FIN
Finland,0,0,0,0,0,0,0,1,3,4,0,2,330,10,346,plant,FIN
Costa Rica,0,0,0,0,0,0,0,0,4,4,0,5,5,0,14,fungus,CRI
Finland,0,0,0,0,0,0,0,0,0,0,0,0,0,0,0,chromist,FIN
France,8,0,8,6,0,14,30,63,169,262,0,159,"1,943",287,"2,659",animal,FRA
France,1,1,2,0,0,2,8,22,33,63,0,42,798,40,945,plant,FRA
Croatia,0,0,0,0,0,0,0,5,19,24,0,8,19,1,52,fungus,HRV
France,0,0,0,0,0,0,0,0,0,0,0,0,0,0,0,chromist,FRA
Germany,4,0,4,5,0,9,18,29,62,109,0,83,939,82,"1,217",animal,DEU
Germany,0,0,0,0,0,0,17,18,16,51,0,14,485,25,575,plant,DEU
Cuba,0,0,0,0,0,0,0,0,0,0,0,0,3,0,3,fungus,CUB
Germany,0,0,0,0,0,0,0,0,0,0,0,0,0,0,0,chromist,DEU
Gibraltar,0,0,0,0,0,0,5,8,30,43,0,20,530,32,625,animal,GIB
Gibraltar,0,0,0,0,0,0,0,0,1,1,0,0,37,1,39,plant,GIB
Gibraltar,0,0,0,0,0,0,0,0,0,0,0,0,0,0,0,chromist,GIB
Curaçao,0,0,0,0,0,0,0,0,0,0,0,0,1,0,1,fungus,CUW
Greece,4,0,4,11,1,16,77,114,250,441,0,161,"1,528",264,"2,398",animal,GRC
Greece,0,0,0,1,0,1,17,28,32,77,0,31,607,76,791,plant,GRC
Cyprus,0,0,0,0,0,0,0,0,1,1,0,1,1,0,3,fungus,CYP
Greece,0,0,0,0,0,0,0,0,0,0,0,0,0,0,0,chromist,GRC
Greenland,1,0,1,0,0,1,2,5,20,27,0,8,217,20,273,animal,GRL
Greenland,0,0,0,0,0,0,0,0,1,1,0,0,124,0,125,plant,GRL
Czechia,0,0,0,0,0,0,0,2,29,31,0,17,31,3,82,fungus,CZE
Greenland,0,0,0,0,0,0,0,0,0,0,0,0,0,0,0,chromist,GRL
Guernsey,0,0,0,0,0,0,1,1,11,13,0,3,197,12,225,animal,GGY
Guernsey,0,0,0,0,0,0,0,0,0,0,0,0,66,0,66,plant,GGY
Denmark,0,0,0,0,0,0,0,2,27,29,0,11,38,0,78,fungus,DNK
Guernsey,0,0,0,0,0,0,0,0,0,0,0,0,0,0,0,chromist,GGY
Holy See (Vatican City State),0,0,0,0,0,0,0,0,2,2,0,3,21,2,28,animal,VAT
Holy See (Vatican City State),0,0,0,0,0,0,0,0,0,0,0,0,12,0,12,plant,VAT
Holy See (Vatican City State),0,0,0,0,0,0,0,0,0,0,0,0,0,0,0,chromist,VAT
Bolivia,0,0,0,9,0,9,35,34,88,157,2,98,"2,312",132,"2,701",animal,BOL
Hungary,0,0,0,0,0,0,7,15,41,63,0,54,693,47,857,animal,HUN
Hungary,0,0,0,0,0,0,13,14,18,45,0,5,396,30,476,plant,HUN
Djibouti,0,0,0,0,0,0,0,0,0,0,0,0,0,0,0,fungus,DJI
Hungary,0,0,0,0,0,0,0,0,0,0,0,0,0,0,0,chromist,HUN
Iceland,1,0,1,0,0,1,5,8,20,33,0,19,353,27,433,animal,ISL
Iceland,0,0,0,0,0,0,0,0,0,0,0,0,145,2,147,plant,ISL
Dominica,0,0,0,0,0,0,0,0,0,0,0,0,0,0,0,fungus,DMA
Iceland,0,0,0,0,0,0,0,0,0,0,0,0,0,0,0,chromist,ISL
Ireland,1,0,1,0,0,1,9,11,37,57,0,37,768,65,928,animal,IRL
Ireland,0,0,0,0,0,0,2,2,4,8,0,10,311,3,332,plant,IRL
Dominican Republic,0,0,0,0,0,0,0,0,0,0,0,0,1,0,1,fungus,DOM
Ireland,0,0,0,0,0,0,0,0,0,0,0,0,0,0,0,chromist,IRL
Isle of Man,0,0,0,0,0,0,1,2,4,7,0,3,79,6,95,animal,IMN
Isle of Man,0,0,0,0,0,0,0,1,0,1,0,0,71,0,72,plant,IMN
Ecuador,0,0,0,0,0,0,0,0,1,1,0,0,4,0,5,fungus,ECU
Isle of Man,0,0,0,0,0,0,0,0,0,0,0,0,0,0,0,chromist,IMN
Italy,3,0,3,7,0,10,48,97,181,326,0,199,"1,619",263,"2,410",animal,ITA
Italy,0,0,0,1,0,1,41,42,38,121,0,55,810,68,"1,054",plant,ITA
Egypt,0,0,0,0,0,0,0,0,0,0,0,0,2,0,2,fungus,EGY
Italy,0,0,0,0,0,0,0,0,0,0,0,0,0,0,0,chromist,ITA
Jersey,0,0,0,0,0,0,1,1,12,14,0,2,204,12,232,animal,JEY
Jersey,0,0,0,0,0,0,0,0,0,0,0,0,70,0,70,plant,JEY
El Salvador,0,0,0,0,0,0,0,0,0,0,0,0,1,0,1,fungus,SLV
Jersey,0,0,0,0,0,0,0,0,0,0,0,0,0,0,0,chromist,JEY
Latvia,0,0,0,0,0,0,2,4,25,31,0,39,556,16,642,animal,LVA
Latvia,0,0,0,0,0,0,1,0,0,1,0,2,237,6,246,plant,LVA
Equatorial Guinea,0,0,0,0,0,0,0,0,0,0,0,0,0,0,0,fungus,GNQ
Latvia,0,0,0,0,0,0,0,0,0,0,0,0,0,0,0,chromist,LVA
Liechtenstein,0,0,0,0,0,0,0,1,7,8,0,24,396,7,435,animal,LIE
Liechtenstein,0,0,0,0,0,0,0,1,0,1,0,1,205,10,217,plant,LIE
Eritrea,0,0,0,0,0,0,0,0,0,0,0,0,0,0,0,fungus,ERI
Liechtenstein,0,0,0,0,0,0,0,0,0,0,0,0,0,0,0,chromist,LIE
Lithuania,0,0,0,0,0,0,2,3,21,26,0,34,541,15,616,animal,LTU
Lithuania,0,0,0,0,0,0,0,1,1,2,0,2,239,8,251,plant,LTU
Estonia,0,0,0,0,0,0,0,1,24,25,0,17,36,1,79,fungus,EST
Lithuania,0,0,0,0,0,0,0,0,0,0,0,0,0,0,0,chromist,LTU
Luxembourg,0,0,0,0,0,0,2,3,7,12,0,22,451,12,497,animal,LUX
Luxembourg,0,1,1,0,0,1,0,1,2,3,0,2,229,9,244,plant,LUX
Eswatini,0,0,0,0,0,0,0,0,0,0,0,0,0,0,0,fungus,SWZ
Luxembourg,0,0,0,0,0,0,0,0,0,0,0,0,0,0,0,chromist,LUX
Malta,0,0,0,0,0,0,8,9,31,48,0,27,563,42,680,animal,MLT
Malta,0,0,0,0,0,0,2,1,1,4,0,3,168,8,183,plant,MLT
Ethiopia,0,0,0,0,0,0,0,0,0,0,0,0,0,0,0,fungus,ETH
Malta,0,0,0,0,0,0,0,0,0,0,0,0,0,0,0,chromist,MLT
Monaco,0,0,0,0,0,0,6,7,23,36,0,13,382,26,457,animal,MCO
Monaco,0,0,0,0,0,0,0,1,1,2,0,0,39,1,42,plant,MCO
Monaco,0,0,0,0,0,0,0,0,0,0,0,0,0,0,0,chromist,MCO
Falkland Islands (Malvinas),0,0,0,0,0,0,0,0,6,6,0,0,0,0,6,fungus,FLK
Montenegro,1,0,1,1,0,2,17,31,59,107,0,87,978,82,"1,255",animal,MNE
Montenegro,0,0,0,0,0,0,1,2,3,6,0,10,371,17,404,plant,MNE
Faroe Islands,0,0,0,0,0,0,0,0,4,4,0,0,5,0,9,fungus,FRO
Montenegro,0,0,0,0,0,0,0,0,0,0,0,0,0,0,0,chromist,MNE
Netherlands,1,0,1,0,0,1,8,5,33,46,0,49,752,37,885,animal,NLD
Netherlands,0,0,0,0,0,0,0,1,2,3,0,2,342,10,357,plant,NLD
Fiji,0,0,0,0,0,0,0,0,0,0,0,0,0,0,0,fungus,FJI
Netherlands,0,0,0,0,0,0,0,0,0,0,0,0,0,0,0,chromist,NLD
North Macedonia,2,0,2,2,0,4,19,35,67,121,0,60,725,49,957,animal,MKD
North Macedonia,0,0,0,0,0,0,0,2,4,6,0,6,375,31,418,plant,MKD
Finland,0,0,0,0,0,0,0,2,27,29,0,14,38,1,82,fungus,FIN
North Macedonia,0,0,0,0,0,0,0,0,0,0,0,0,0,0,0,chromist,MKD
Norway,0,0,0,0,0,0,7,11,40,58,0,46,661,30,795,animal,NOR
Norway,0,0,0,0,0,0,1,8,11,20,0,6,371,10,407,plant,NOR
France,0,0,0,0,0,0,1,9,44,54,0,22,42,1,119,fungus,FRA
Norway,0,0,0,0,0,0,0,0,0,0,0,0,0,0,0,chromist,NOR
Poland,1,0,1,0,0,1,3,13,36,52,0,59,756,34,902,animal,POL
Poland,0,0,0,0,0,0,1,4,11,16,0,10,418,16,460,plant,POL
French Guiana,0,0,0,0,0,0,0,0,0,0,0,1,1,0,2,fungus,GUF
Poland,0,0,0,0,0,0,0,0,0,0,0,0,0,0,0,chromist,POL
Portugal,6,0,6,17,0,23,107,94,133,334,0,123,"1,698",290,"2,451",animal,PRT
Portugal,3,0,3,0,0,3,33,54,57,144,0,59,576,44,826,plant,PRT
French Polynesia,0,0,0,0,0,0,0,0,0,0,0,0,0,0,0,fungus,PYF
Portugal,0,0,0,0,0,0,0,0,0,0,0,0,0,0,0,chromist,PRT
Romania,2,0,2,2,0,4,19,28,76,123,0,74,930,74,"1,203",animal,ROU
Romania,0,0,0,0,0,0,1,8,5,14,0,10,453,44,521,plant,ROU
French Southern Territories,0,0,0,0,0,0,0,0,0,0,0,0,0,0,0,fungus,ATF
Romania,0,0,0,0,0,0,0,0,0,0,0,0,0,0,0,chromist,ROU
San Marino,0,0,0,0,0,0,1,0,2,3,0,5,61,4,73,animal,SMR
San Marino,0,0,0,0,0,0,0,0,0,0,0,0,31,0,31,plant,SMR
San Marino,0,0,0,0,0,0,0,0,0,0,0,0,0,0,0,chromist,SMR
Gabon,0,0,0,0,0,0,0,0,0,0,0,0,0,0,0,fungus,GAB
Serbia,0,0,0,1,0,1,10,12,50,72,0,65,824,29,990,animal,SRB
Serbia,0,0,0,0,0,0,0,6,3,9,0,10,416,37,472,plant,SRB
Gambia,0,0,0,0,0,0,0,0,0,0,0,0,0,0,0,fungus,GMB
Serbia,0,0,0,0,0,0,0,0,0,0,0,0,0,0,0,chromist,SRB
Slovakia,0,0,0,0,0,0,6,12,36,54,0,60,723,44,881,animal,SVK
Slovakia,0,0,0,0,0,0,9,13,10,32,0,7,330,32,401,plant,SVK
Georgia,0,0,0,0,0,0,0,0,4,4,0,1,9,0,14,fungus,GEO
Slovakia,0,0,0,0,0,0,0,0,0,0,0,0,0,0,0,chromist,SVK
Slovenia,0,0,0,0,0,0,12,27,107,146,0,56,"1,081",85,"1,368",animal,SVN
Slovenia,0,0,0,0,0,0,1,5,7,13,0,10,449,25,497,plant,SVN
Germany,0,0,0,0,0,0,1,7,39,47,0,23,41,2,113,fungus,DEU
Slovenia,0,0,0,0,0,0,0,0,0,0,0,0,0,0,0,chromist,SVN
Spain,2,0,2,12,0,14,77,142,230,449,0,275,"2,175",495,"3,396",animal,ESP
Spain,1,1,2,1,0,3,81,110,90,281,2,85,851,47,"1,268",plant,ESP
Ghana,0,0,0,0,0,0,0,0,0,0,0,0,0,0,0,fungus,GHA
Spain,0,0,0,0,0,0,0,0,0,0,0,0,0,0,0,chromist,ESP
Svalbard and Jan Mayen,0,0,0,0,0,0,0,1,10,11,0,7,74,4,96,animal,SJM
Svalbard and Jan Mayen,0,0,0,0,0,0,0,1,0,1,0,0,42,0,43,plant,SJM
Gibraltar,0,0,0,0,0,0,0,0,0,0,0,0,0,0,0,fungus,GIB
Svalbard and Jan Mayen,0,0,0,0,0,0,0,0,0,0,0,0,0,0,0,chromist,SJM
Sweden,0,0,0,0,0,0,5,7,36,48,0,50,681,32,811,animal,SWE
Sweden,0,0,0,0,0,0,0,4,6,10,0,9,404,14,437,plant,SWE
Greece,0,0,0,0,0,0,0,3,4,7,0,2,12,0,21,fungus,GRC
Sweden,0,0,0,0,0,0,0,0,0,0,0,0,0,0,0,chromist,SWE
Switzerland,6,0,6,0,0,6,4,15,53,72,0,68,782,58,986,animal,CHE
Switzerland,0,0,0,0,0,0,3,7,10,20,0,10,460,21,511,plant,CHE
Greenland,0,0,0,0,0,0,0,0,2,2,0,1,1,0,4,fungus,GRL
Switzerland,0,0,0,0,0,0,0,0,0,0,0,0,0,0,0,chromist,CHE
United Kingdom,2,0,2,0,0,2,12,21,58,91,0,60,986,72,"1,211",animal,GBR
United Kingdom,0,1,1,0,0,1,21,16,16,53,0,13,420,17,504,plant,GBR
Grenada,0,0,0,0,0,0,0,0,0,0,0,0,0,0,0,fungus,GRD
United Kingdom,0,0,0,0,0,0,0,0,0,0,0,0,0,0,0,chromist,GBR
Belize,1,0,1,0,0,1,11,28,58,97,0,59,"2,074",94,"2,325",animal,BLZ
Belize,0,0,0,0,0,0,3,28,27,58,0,11,832,4,905,plant,BLZ
Belize,0,0,0,0,0,0,0,0,0,0,0,0,0,0,0,chromist,BLZ
Guadeloupe,0,0,0,0,0,0,0,0,0,0,0,0,0,0,0,fungus,GLP
Costa Rica,4,0,4,7,0,11,35,82,154,271,0,107,"3,392",235,"4,009",animal,CRI
Costa Rica,0,0,0,0,0,0,14,67,100,181,2,63,"1,767",22,"2,035",plant,CRI
Guam,0,0,0,0,0,0,0,0,0,0,0,0,0,0,0,fungus,GUM
Costa Rica,0,0,0,0,0,0,0,0,0,0,0,0,0,0,0,chromist,CRI
El Salvador,0,0,0,0,0,0,8,24,52,84,0,49,"1,615",84,"1,832",animal,SLV
El Salvador,0,0,0,0,0,0,3,14,27,44,0,8,674,10,736,plant,SLV
Guatemala,0,0,0,0,0,0,0,0,1,1,0,0,1,0,2,fungus,GTM
El Salvador,0,0,0,0,0,0,0,0,0,0,0,0,0,0,0,chromist,SLV
Guatemala,3,0,3,5,0,8,47,88,122,257,0,83,"2,810",167,"3,320",animal,GTM
Guatemala,0,0,0,0,0,0,17,70,81,168,2,30,"1,205",19,"1,424",plant,GTM
Guernsey,0,0,0,0,0,0,0,0,0,0,0,0,1,0,1,fungus,GGY
Guatemala,0,0,0,0,0,0,0,0,0,0,0,0,0,0,0,chromist,GTM
Honduras,4,0,4,10,0,14,62,76,107,245,0,88,"3,030",160,"3,527",animal,HND
Honduras,0,1,1,0,0,1,43,59,41,143,1,24,"1,173",6,"1,348",plant,HND
Guinea,0,0,0,0,0,0,0,0,0,0,0,0,0,0,0,fungus,GIN
Honduras,0,0,0,0,0,0,0,0,0,0,0,0,0,0,0,chromist,HND
Mexico,21,9,30,35,3,68,202,343,362,907,1,217,"4,930",585,"6,670",animal,MEX
Mexico,2,3,5,5,3,13,162,460,358,980,5,115,"2,370",143,"3,618",plant,MEX
Guinea-Bissau,0,0,0,0,0,0,0,0,0,0,0,0,0,0,0,fungus,GNB
Mexico,0,0,0,0,0,0,0,0,0,0,0,0,0,0,0,chromist,MEX
Nicaragua,1,0,1,0,0,1,26,31,95,152,0,82,"2,948",162,"3,345",animal,NIC
Nicaragua,0,0,0,0,0,0,4,23,29,56,1,30,"1,280",6,"1,373",plant,NIC
Nicaragua,0,0,0,0,0,0,0,0,0,0,0,0,0,0,0,chromist,NIC
Guyana,0,0,0,0,0,0,0,0,1,1,0,0,2,8,11,fungus,GUY
Panama,2,0,2,8,1,11,56,82,131,269,0,118,"3,534",296,"4,219",animal,PAN
Panama,0,0,0,0,1,1,21,82,107,210,2,63,"1,806",65,"2,146",plant,PAN
Haiti,0,0,0,0,0,0,0,0,0,0,0,0,0,0,0,fungus,HTI
Panama,0,0,0,0,0,0,0,0,0,0,0,0,0,0,0,chromist,PAN
Algeria,2,1,3,0,0,3,18,40,77,135,0,56,928,142,"1,264",animal,DZA
Algeria,0,0,0,0,0,0,6,9,15,30,0,33,442,15,520,plant,DZA
Heard Island and McDonald Islands,0,0,0,0,0,0,0,0,0,0,0,0,0,0,0,fungus,HMD
Algeria,0,0,0,0,0,0,0,0,0,0,0,0,0,0,0,chromist,DZA
Egypt,1,1,2,0,0,2,15,36,129,180,2,134,"1,759",184,"2,261",animal,EGY
Egypt,0,0,0,0,0,0,2,5,1,8,0,2,323,5,338,plant,EGY
Holy See (Vatican City State),0,0,0,0,0,0,0,0,0,0,0,0,0,0,0,fungus,VAT
Egypt,0,0,0,0,0,0,0,0,0,0,0,0,0,0,0,chromist,EGY
Libya,0,1,1,0,0,1,11,18,45,74,0,29,689,69,862,animal,LBY
Libya,0,0,0,0,0,0,1,2,6,9,0,7,220,3,239,plant,LBY
Honduras,0,0,0,0,0,0,0,0,1,1,0,0,0,0,1,fungus,HND
Libya,0,0,0,0,0,0,0,0,0,0,0,0,0,0,0,chromist,LBY
Morocco,2,0,2,0,0,2,30,63,95,188,0,79,"1,458",176,"1,903",animal,MAR
Morocco,0,0,0,0,0,0,4,26,27,57,0,44,474,18,593,plant,MAR
Hong Kong,0,0,0,0,0,0,0,0,0,0,0,0,1,0,1,fungus,HKG
Morocco,0,0,0,0,0,0,0,0,0,0,0,0,0,0,0,chromist,MAR
Tunisia,11,0,11,1,0,12,16,26,61,103,0,47,856,102,"1,119",animal,TUN
Tunisia,0,0,0,0,0,0,3,3,6,12,0,24,306,9,351,plant,TUN
Hungary,0,0,0,0,0,0,0,3,15,18,0,8,20,1,47,fungus,HUN
Tunisia,0,0,0,0,0,0,0,0,0,0,0,0,0,0,0,chromist,TUN
Western Sahara,0,1,1,0,0,1,7,22,36,65,0,36,930,102,"1,134",animal,ESH
Western Sahara,0,0,0,0,0,0,0,0,0,0,0,0,32,0,32,plant,ESH
Western Sahara,0,0,0,0,0,0,0,0,0,0,0,0,0,0,0,chromist,ESH
Iceland,0,0,0,0,0,0,0,0,6,6,0,3,19,0,28,fungus,ISL
Canada,9,0,9,3,0,12,18,32,84,134,0,64,"1,902",87,"2,196",animal,CAN
Canada,1,0,1,0,0,1,6,6,9,21,0,17,992,13,"1,044",plant,CAN
India,0,0,0,0,0,0,0,1,2,3,0,2,12,0,17,fungus,IND
Canada,0,0,0,0,0,0,0,0,0,0,0,0,0,0,0,chromist,CAN
Saint Pierre and Miquelon,0,0,0,0,0,0,2,4,16,22,0,16,403,17,458,animal,SPM
Saint Pierre and Miquelon,0,0,0,0,0,0,0,0,0,0,0,0,50,0,50,plant,SPM
Saint Pierre and Miquelon,0,0,0,0,0,0,0,0,0,0,0,0,0,0,0,chromist,SPM
Indonesia,0,0,0,0,0,0,0,1,1,2,0,0,0,0,2,fungus,IDN
United States,237,4,241,29,0,270,224,298,566,"1,088",5,336,"5,719",609,"7,998",animal,USA
United States,34,5,39,14,12,65,306,197,127,630,0,74,"1,935",36,"2,714",plant,USA
"Iran, Islamic Republic of",0,0,0,0,0,0,0,0,0,0,0,0,2,0,2,fungus,IRN
United States,0,0,0,0,0,0,0,0,0,0,0,0,0,0,0,chromist,USA
Belarus,0,0,0,0,0,0,3,2,21,26,0,38,482,8,554,animal,BLR
Belarus,0,0,0,0,0,0,1,1,0,2,0,2,243,13,260,plant,BLR
Iraq,0,0,0,0,0,0,0,0,0,0,0,0,1,0,1,fungus,IRQ
Belarus,0,0,0,0,0,0,0,0,0,0,0,0,0,0,0,chromist,BLR
Bolivia,1,3,4,0,1,5,15,86,127,228,1,46,"1,968",67,"2,314",plant,BOL
Bolivia,0,0,0,0,0,0,0,0,0,0,0,0,0,0,0,chromist,BOL
Ireland,0,0,0,0,0,0,0,2,17,19,0,3,29,0,51,fungus,IRL
Disputed Territory,0,0,0,0,0,0,0,0,0,0,0,0,0,0,0,fungus,None
Russian Federation,3,1,4,2,0,6,28,49,111,188,0,118,"1,735",233,"2,278",animal,RUS
Russian Federation,0,0,0,0,0,0,8,30,28,66,0,22,677,57,822,plant,RUS
Isle of Man,0,0,0,0,0,0,0,0,0,0,0,0,18,0,18,fungus,IMN
Russian Federation,0,0,0,0,0,0,0,0,0,0,0,0,0,0,0,chromist,RUS
Ukraine,2,0,2,1,0,3,12,26,56,94,0,66,889,78,"1,129",animal,UKR
Ukraine,1,0,1,0,0,1,3,14,12,29,0,8,433,51,522,plant,UKR
Israel,0,0,0,0,0,0,0,0,1,1,0,1,4,0,6,fungus,ISR
Ukraine,0,0,0,0,0,0,0,0,0,0,0,0,0,0,0,chromist,UKR
American Samoa,1,0,1,0,0,1,3,20,77,100,3,82,"1,248",57,"1,491",animal,ASM
American Samoa,0,0,0,0,0,0,0,1,1,2,0,4,74,0,80,plant,ASM
American Samoa,0,0,0,0,0,0,0,0,0,0,0,0,0,0,0,chromist,ASM
Italy,0,0,0,0,0,0,1,8,35,44,0,19,41,0,104,fungus,ITA
Australia,42,0,42,7,0,49,138,255,613,"1,006",3,442,"5,868",661,"8,022",animal,AUS
Australia,3,0,3,2,0,5,92,266,382,740,3,245,"2,512",76,"3,579",plant,AUS
Jamaica,0,0,0,0,0,0,0,0,0,0,0,0,1,0,1,fungus,JAM
Australia,0,0,0,0,0,0,0,0,0,0,0,0,0,0,0,chromist,AUS
Christmas Island,4,2,6,1,0,7,3,16,30,49,0,29,939,31,"1,054",animal,CXR
Christmas Island,0,0,0,0,0,0,0,0,2,2,0,0,43,0,45,plant,CXR
Christmas Island,0,0,0,0,0,0,0,0,0,0,0,0,0,0,0,chromist,CXR
Japan,0,0,0,0,0,0,0,4,8,12,0,9,25,2,48,fungus,JPN
Cocos (Keeling) Islands,0,0,0,0,0,0,1,13,33,47,0,26,842,31,946,animal,CCK
Cocos (Keeling) Islands,0,0,0,0,0,0,0,0,0,0,0,0,19,0,19,plant,CCK
Cocos (Keeling) Islands,0,0,0,0,0,0,0,0,0,0,0,0,0,0,0,chromist,CCK
Jersey,0,0,0,0,0,0,0,0,1,1,0,1,0,0,2,fungus,JEY
Cook Islands,15,0,15,0,0,15,1,15,53,69,1,52,"1,011",50,"1,198",animal,COK
Cook Islands,1,0,1,0,0,1,8,2,2,12,0,0,49,3,65,plant,COK
Cook Islands,0,0,0,0,0,0,0,0,0,0,0,0,0,0,0,chromist,COK
Jordan,0,0,0,0,0,0,0,0,0,0,0,0,0,0,0,fungus,JOR
Fiji,1,0,1,5,0,6,28,52,166,246,3,163,"1,809",132,"2,354",animal,FJI
Fiji,1,0,1,0,1,2,30,24,36,90,0,17,236,21,365,plant,FJI
Fiji,0,0,0,0,0,0,0,0,0,0,0,0,0,0,0,chromist,FJI
Kazakhstan,0,0,0,0,0,0,0,0,1,1,0,3,4,1,9,fungus,KAZ
French Polynesia,60,11,71,2,0,73,46,26,67,139,2,62,"1,290",107,"1,671",animal,PYF
French Polynesia,2,1,3,0,0,3,29,5,18,52,0,16,119,35,225,plant,PYF
French Polynesia,0,0,0,0,0,0,0,0,0,0,0,0,0,0,0,chromist,PYF
Kenya,0,0,0,0,0,0,0,0,0,0,0,0,2,0,2,fungus,KEN
Guam,5,1,6,0,0,6,8,26,72,106,2,91,"1,220",105,"1,530",animal,GUM
Guam,0,0,0,0,0,0,1,2,2,5,0,1,45,1,52,plant,GUM
Guam,0,0,0,0,0,0,0,0,0,0,0,0,0,0,0,chromist,GUM
Kiribati,0,0,0,0,0,0,0,0,0,0,0,0,0,0,0,fungus,KIR
Kiribati,1,0,1,0,0,1,0,17,96,113,3,117,"1,277",63,"1,574",animal,KIR
Kiribati,0,0,0,0,0,0,0,0,0,0,0,0,29,0,29,plant,KIR
Kiribati,0,0,0,0,0,0,0,0,0,0,0,0,0,0,0,chromist,KIR
"Korea, Democratic People's Republic of",0,0,0,0,0,0,0,1,1,2,0,0,13,0,15,fungus,PRK
Marshall Islands,0,0,0,0,0,0,1,14,94,109,3,118,"1,325",63,"1,618",animal,MHL
Marshall Islands,0,0,0,0,0,0,0,0,0,0,0,1,33,0,34,plant,MHL
Marshall Islands,0,0,0,0,0,0,0,0,0,0,0,0,0,0,0,chromist,MHL
"Korea, Republic of",0,0,0,0,0,0,0,1,2,3,0,4,17,0,24,fungus,KOR
"Micronesia, Federated States of",2,0,2,1,0,3,6,29,139,174,3,148,"1,641",126,"2,094",animal,FSM
"Micronesia, Federated States of",0,0,0,0,0,0,1,3,3,7,0,4,113,2,126,plant,FSM
"Micronesia, Federated States of",0,0,0,0,0,0,0,0,0,0,0,0,0,0,0,chromist,FSM
Kuwait,0,0,0,0,0,0,0,0,0,0,0,0,1,0,1,fungus,KWT
Nauru,0,0,0,0,0,0,1,10,79,90,0,110,"1,032",39,"1,271",animal,NRU
Nauru,0,0,0,0,0,0,0,0,0,0,0,0,20,0,20,plant,NRU
Nauru,0,0,0,0,0,0,0,0,0,0,0,0,0,0,0,chromist,NRU
Kyrgyzstan,0,0,0,0,0,0,0,0,0,0,0,0,2,0,2,fungus,KGZ
New Caledonia,5,0,5,3,0,8,41,56,159,256,3,163,"2,187",182,"2,796",animal,NCL
New Caledonia,4,0,4,9,0,13,134,235,223,592,5,143,491,40,"1,275",plant,NCL
Lao People's Democratic Republic,0,0,0,0,0,0,0,0,1,1,0,0,0,0,1,fungus,LAO
New Caledonia,0,0,0,0,0,0,0,0,0,0,0,0,0,0,0,chromist,NCL
New Zealand,23,0,23,7,0,30,45,77,109,231,0,66,"1,066",210,"1,596",animal,NZL
New Zealand,6,0,6,0,0,6,4,5,12,21,2,19,124,2,174,plant,NZL
Latvia,0,0,0,0,0,0,0,0,9,9,0,3,11,0,23,fungus,LVA
New Zealand,0,0,0,0,0,0,0,0,0,0,0,0,0,0,0,chromist,NZL
Niue,0,0,0,0,0,0,1,13,44,58,0,54,885,34,"1,031",animal,NIU
Niue,0,0,0,0,0,0,0,1,0,1,0,0,41,0,42,plant,NIU
Niue,0,0,0,0,0,0,0,0,0,0,0,0,0,0,0,chromist,NIU
Lebanon,0,0,0,0,0,0,0,0,0,0,0,0,0,0,0,fungus,LBN
Norfolk Island,8,0,8,0,0,8,2,11,36,49,0,28,637,27,749,animal,NFK
Norfolk Island,1,0,1,0,0,1,1,0,1,2,0,0,16,0,19,plant,NFK
Norfolk Island,0,0,0,0,0,0,0,0,0,0,0,0,0,0,0,chromist,NFK
Lesotho,0,0,0,0,0,0,0,0,0,0,0,0,0,0,0,fungus,LSO
Northern Mariana Islands,2,0,2,0,0,2,9,24,72,105,3,91,"1,293",70,"1,564",animal,MNP
Northern Mariana Islands,0,0,0,0,0,0,2,2,2,6,0,1,56,0,63,plant,MNP
Northern Mariana Islands,0,0,0,0,0,0,0,0,0,0,0,0,0,0,0,chromist,MNP
Liberia,0,0,0,0,0,0,0,0,0,0,0,0,0,0,0,fungus,LBR
Palau,1,0,1,13,0,14,28,35,128,191,4,146,"1,884",107,"2,333",animal,PLW
Palau,0,0,0,0,0,0,0,2,3,5,0,3,96,2,106,plant,PLW
Palau,0,0,0,0,0,0,0,0,0,0,0,0,0,0,0,chromist,PLW
Libya,0,0,0,0,0,0,0,0,0,0,0,0,2,0,2,fungus,LBY
Papua New Guinea,1,0,1,2,0,3,49,87,301,437,3,284,"4,051",525,"5,301",animal,PNG
Papua New Guinea,0,0,0,22,1,23,103,180,211,494,0,99,"1,417",321,"2,331",plant,PNG
Liechtenstein,0,0,0,0,0,0,0,0,4,4,0,0,1,0,5,fungus,LIE
Papua New Guinea,0,0,0,0,0,0,0,0,0,0,0,0,0,0,0,chromist,PNG
Pitcairn,0,0,0,0,0,0,1,8,28,37,1,25,523,27,613,animal,PCN
Pitcairn,0,1,1,0,0,1,2,2,5,9,0,0,23,0,33,plant,PCN
Pitcairn,0,0,0,0,0,0,0,0,0,0,0,0,0,0,0,chromist,PCN
Lithuania,0,0,0,0,0,0,0,2,11,13,0,6,12,0,31,fungus,LTU
Samoa,2,0,2,0,0,2,5,20,75,100,3,85,"1,344",78,"1,612",animal,WSM
Samoa,0,0,0,1,0,1,3,2,2,7,0,4,101,0,112,plant,WSM
Samoa,0,0,0,0,0,0,0,0,0,0,0,0,0,0,0,chromist,WSM
Luxembourg,0,0,0,0,0,0,0,0,2,2,0,1,29,0,32,fungus,LUX
Solomon Islands,2,0,2,3,0,5,15,39,189,243,3,201,"2,210",145,"2,804",animal,SLB
Solomon Islands,0,0,0,0,0,0,0,6,20,26,0,19,329,21,395,plant,SLB
Solomon Islands,0,0,0,0,0,0,0,0,0,0,0,0,0,0,0,chromist,SLB
Macao,0,0,0,0,0,0,0,0,0,0,0,0,0,0,0,fungus,MAC
Tokelau,0,0,0,0,0,0,1,11,46,58,2,58,899,34,"1,051",animal,TKL
Tokelau,0,0,0,0,0,0,0,0,0,0,0,0,10,0,10,plant,TKL
Tokelau,0,0,0,0,0,0,0,0,0,0,0,0,0,0,0,chromist,TKL
Madagascar,0,0,0,0,0,0,0,0,0,0,0,0,0,0,0,fungus,MDG
Tonga,2,0,2,2,0,4,5,20,68,93,3,70,"1,418",59,"1,645",animal,TON
Tonga,0,0,0,0,0,0,1,2,4,7,0,1,103,1,112,plant,TON
Tonga,0,0,0,0,0,0,0,0,0,0,0,0,0,0,0,chromist,TON
Malawi,0,0,0,0,0,0,0,0,0,0,0,0,0,0,0,fungus,MWI
Tuvalu,0,0,0,0,0,0,1,14,87,102,3,113,"1,094",46,"1,358",animal,TUV
Tuvalu,0,0,0,0,0,0,0,0,0,0,0,0,22,0,22,plant,TUV
Tuvalu,0,0,0,0,0,0,0,0,0,0,0,0,0,0,0,chromist,TUV
Malaysia,0,0,0,0,0,0,0,2,2,4,0,0,1,1,6,fungus,MYS
United States Minor Outlying Islands,1,0,1,0,0,1,4,9,63,76,1,75,"1,256",53,"1,462",animal,UMI
United States Minor Outlying Islands,0,0,0,0,0,0,0,0,0,0,0,0,23,0,23,plant,UMI
United States Minor Outlying Islands,0,0,0,0,0,0,0,0,0,0,0,0,0,0,0,chromist,UMI
Maldives,0,0,0,0,0,0,0,0,0,0,0,0,0,0,0,fungus,MDV
Vanuatu,1,0,1,0,0,1,2,23,114,139,3,135,"1,804",96,"2,178",animal,VUT
Vanuatu,0,0,0,0,0,0,1,4,5,10,1,9,159,2,181,plant,VUT
Vanuatu,0,0,0,0,0,0,0,0,0,0,0,0,0,0,0,chromist,VUT
Mali,0,0,0,0,0,0,0,0,0,0,0,0,0,0,0,fungus,MLI
Wallis and Futuna,0,0,0,0,0,0,2,13,78,93,0,94,"1,201",50,"1,438",animal,WLF
Wallis and Futuna,0,0,0,0,0,0,0,0,1,1,0,1,55,0,57,plant,WLF
Wallis and Futuna,0,0,0,0,0,0,0,0,0,0,0,0,0,0,0,chromist,WLF
Malta,0,0,0,0,0,0,0,0,1,1,0,1,1,0,3,fungus,MLT
Argentina,3,3,6,6,0,12,41,69,118,228,0,127,"2,211",178,"2,750",animal,ARG
Argentina,0,1,1,0,0,1,7,21,44,72,0,23,777,22,895,plant,ARG
Marshall Islands,0,0,0,0,0,0,0,0,0,0,0,0,0,0,0,fungus,MHL
Argentina,0,0,0,0,0,0,0,0,0,0,0,0,0,0,0,chromist,ARG
Disputed Territory,0,0,0,0,0,0,1,5,14,20,0,5,"1,086",34,"1,145",animal,None
Disputed Territory,0,0,0,0,0,0,0,0,0,0,0,0,4,0,4,plant,None
Martinique,0,0,0,0,0,0,0,0,0,0,0,0,0,0,0,fungus,MTQ
Disputed Territory,0,0,0,0,0,0,0,0,0,0,0,0,0,0,0,chromist,None
Brazil,11,2,13,11,0,24,105,144,287,536,9,230,"4,768",700,"6,256",animal,BRA
Brazil,5,3,8,7,2,17,184,431,353,968,22,164,"3,774",247,"5,183",plant,BRA
Mauritania,0,0,0,0,0,0,0,0,0,0,0,0,1,0,1,fungus,MRT
Brazil,0,0,0,0,0,0,0,0,0,0,0,0,0,0,0,chromist,BRA
Chile,1,0,1,3,0,4,25,62,81,168,0,84,"1,302",201,"1,756",animal,CHL
Chile,1,3,4,0,0,4,23,30,33,86,1,18,242,7,358,plant,CHL
Mauritius,0,0,0,0,0,0,0,0,0,0,0,1,0,0,1,fungus,MUS
Chile,0,0,0,0,0,0,0,0,0,0,0,0,0,0,0,chromist,CHL
Colombia,1,0,1,40,2,43,126,227,361,714,2,259,"5,283",586,"6,845",animal,COL
Colombia,2,4,6,1,1,8,169,299,245,713,3,131,"3,317",98,"4,268",plant,COL
Mayotte,0,0,0,0,0,0,0,0,0,0,0,0,0,0,0,fungus,MYT
Colombia,0,0,0,0,0,0,0,0,0,0,0,0,0,0,0,chromist,COL
Ecuador,3,6,9,48,0,57,271,743,955,"1,969",1,279,"2,130",336,"4,724",plant,ECU
Ecuador,8,0,8,41,0,49,112,164,296,572,2,207,"3,527",371,"4,687",animal,ECU
Ecuador,0,0,0,4,0,4,4,1,1,6,0,0,0,9,15,chromist,ECU
Mexico,0,0,0,0,0,0,1,1,4,6,0,3,19,1,29,fungus,MEX
Falkland Islands (Malvinas),1,0,1,0,0,1,0,8,11,19,0,10,281,17,328,animal,FLK
Falkland Islands (Malvinas),0,0,0,0,0,0,0,5,0,5,0,1,20,1,27,plant,FLK
"Micronesia, Federated States of",0,0,0,0,0,0,0,0,0,0,0,0,0,0,0,fungus,FSM
Falkland Islands (Malvinas),0,0,0,0,0,0,0,0,0,0,0,0,0,0,0,chromist,FLK
French Guiana,0,0,0,0,0,0,13,16,45,74,1,46,"2,081",93,"2,295",animal,GUF
French Guiana,0,0,0,0,0,0,4,3,13,20,1,4,"1,224",16,"1,265",plant,GUF
Moldova,1,0,1,0,0,1,6,5,22,33,0,33,442,6,515,animal,MDA
French Guiana,0,0,0,0,0,0,0,0,0,0,0,0,0,0,0,chromist,GUF
Guyana,0,0,0,0,0,0,14,28,61,103,2,57,"2,281",109,"2,552",animal,GUY
Guyana,0,0,0,0,0,0,3,9,23,35,1,11,"1,452",22,"1,521",plant,GUY
Monaco,0,0,0,0,0,0,0,0,0,0,0,0,0,0,0,fungus,MCO
Guyana,0,0,0,0,0,0,0,0,0,0,0,0,0,0,0,chromist,GUY
Paraguay,0,3,3,2,0,5,7,12,30,49,0,61,"1,106",38,"1,257",animal,PRY
Paraguay,0,0,0,0,0,0,3,6,11,20,0,10,564,11,605,plant,PRY
Mongolia,0,0,0,0,0,0,0,1,3,4,0,0,6,1,11,fungus,MNG
Paraguay,0,0,0,0,0,0,0,0,0,0,0,0,0,0,0,chromist,PRY
Peru,1,0,1,10,0,11,58,155,209,422,2,204,"3,891",474,"4,994",animal,PER
Peru,1,3,4,0,0,4,40,132,300,472,4,72,"2,355",124,"3,031",plant,PER
Montenegro,0,0,0,0,0,0,0,0,4,4,0,2,3,0,9,fungus,MNE
Peru,0,0,0,0,0,0,0,0,0,0,0,0,0,0,0,chromist,PER
Suriname,0,0,0,0,0,0,10,17,45,72,0,53,"2,141",95,"2,361",animal,SUR
Suriname,0,0,0,0,0,0,1,3,25,29,0,5,"1,175",13,"1,222",plant,SUR
Suriname,0,0,0,0,0,0,0,0,0,0,0,0,0,0,0,chromist,SUR
Montserrat,0,0,0,0,0,0,0,0,0,0,0,0,0,0,0,fungus,MSR
Uruguay,2,0,2,2,0,4,21,30,60,111,0,51,988,64,"1,216",animal,URY
Uruguay,0,0,0,0,0,0,4,5,13,22,0,2,254,6,284,plant,URY
Morocco,0,0,0,0,0,0,0,1,4,5,0,2,4,0,11,fungus,MAR
Uruguay,0,0,0,0,0,0,0,0,0,0,0,0,0,0,0,chromist,URY
"Venezuela, Bolivarian Republic of",1,0,1,11,0,12,58,108,170,336,1,168,"3,758",316,"4,580",animal,VEN
"Venezuela, Bolivarian Republic of",0,0,0,1,0,1,29,45,94,168,1,75,"2,470",142,"2,856",plant,VEN
Mozambique,0,0,0,0,0,0,0,0,0,0,0,0,0,0,0,fungus,MOZ
"Venezuela, Bolivarian Republic of",0,0,0,0,0,0,0,0,0,0,0,0,0,0,0,chromist,VEN
Bangladesh,0,1,1,0,0,1,31,54,76,161,0,78,"1,617",107,"1,964",animal,BGD
Bangladesh,0,0,0,0,0,0,5,9,15,29,0,11,578,14,632,plant,BGD
Bangladesh,0,0,0,0,0,0,0,0,0,0,0,0,0,0,0,chromist,BGD
Myanmar,0,0,0,0,0,0,0,0,0,0,0,0,0,0,0,fungus,MMR
Bhutan,0,0,0,0,0,0,7,17,34,58,0,40,714,6,818,animal,BTN
Bhutan,1,0,1,1,0,2,13,19,16,48,0,15,577,31,672,plant,BTN
Namibia,0,0,0,0,0,0,0,0,0,0,0,0,1,0,1,fungus,NAM
Bhutan,0,0,0,0,0,0,0,0,0,0,0,0,0,0,0,chromist,BTN
British Indian Ocean Territory,0,0,0,0,0,0,3,14,78,95,2,103,"1,063",46,"1,309",animal,IOT
British Indian Ocean Territory,0,0,0,0,0,0,0,0,0,0,0,1,19,0,20,plant,IOT
British Indian Ocean Territory,0,0,0,0,0,0,0,0,0,0,0,0,0,0,0,chromist,IOT
Nauru,0,0,0,0,0,0,0,0,0,0,0,0,0,0,0,fungus,NRU
Brunei Darussalam,0,0,0,0,0,0,13,42,84,139,0,126,"1,588",87,"1,940",animal,BRN
Brunei Darussalam,0,0,0,0,0,0,10,47,113,170,3,80,411,10,674,plant,BRN
Brunei Darussalam,0,0,0,0,0,0,0,0,0,0,0,0,0,0,0,chromist,BRN
Nepal,0,0,0,0,0,0,0,0,2,2,0,0,3,0,5,fungus,NPL
Cambodia,0,0,0,1,0,1,35,60,160,255,0,169,"2,157",187,"2,768",animal,KHM
Cambodia,0,0,0,0,0,0,3,19,20,42,0,19,578,19,658,plant,KHM
Cambodia,0,0,0,0,0,0,0,0,0,0,0,0,0,0,0,chromist,KHM
Netherlands,0,0,0,0,0,0,0,2,24,26,0,9,35,0,70,fungus,NLD
Moldova,0,0,0,0,0,0,0,0,2,2,0,4,208,13,227,plant,MDA
Moldova,0,0,0,0,0,0,0,0,0,0,0,0,0,0,0,chromist,MDA
Moldova,0,0,0,0,0,0,0,0,0,0,0,0,2,0,2,fungus,MDA
New Caledonia,0,0,0,0,0,0,1,3,0,4,0,1,0,1,6,fungus,NCL
India,0,0,0,7,0,7,94,230,398,722,2,331,"4,332",868,"6,255",animal,IND
India,2,2,4,1,0,5,93,197,159,449,1,66,"1,617",98,"2,235",plant,IND
New Zealand,0,0,0,0,0,0,2,9,2,13,0,4,13,10,40,fungus,NZL
India,0,0,0,0,0,0,0,0,0,0,0,0,0,0,0,chromist,IND
Indonesia,3,0,3,23,3,29,185,323,654,"1,162",4,640,"6,307","1,392","9,508",animal,IDN
Indonesia,1,2,3,22,0,25,144,241,378,763,4,208,"2,023",267,"3,268",plant,IDN
Nicaragua,0,0,0,0,0,0,0,0,0,0,0,0,0,0,0,fungus,NIC
Indonesia,0,0,0,0,0,0,0,0,0,0,0,0,0,0,0,chromist,IDN
Lao People's Democratic Republic,1,0,1,2,0,3,34,58,101,193,0,95,"1,530",223,"2,042",animal,LAO
Lao People's Democratic Republic,0,0,0,0,0,0,5,30,32,67,0,19,714,39,839,plant,LAO
Niger,0,0,0,0,0,0,0,0,0,0,0,0,0,0,0,fungus,NER
Lao People's Democratic Republic,0,0,0,0,0,0,0,0,0,0,0,0,0,0,0,chromist,LAO
Malaysia,1,0,1,14,0,15,96,183,434,713,3,442,"4,168",504,"5,831",animal,MYS
Malaysia,1,1,2,21,2,25,183,295,684,"1,162",98,213,"1,622",120,"3,217",plant,MYS
Nigeria,0,0,0,0,0,0,0,0,0,0,0,0,1,0,1,fungus,NGA
Malaysia,0,0,0,0,0,0,0,0,0,0,0,0,0,0,0,chromist,MYS
Maldives,0,0,0,0,0,0,6,22,59,87,2,94,"1,347",70,"1,600",animal,MDV
Maldives,0,0,0,0,0,0,0,0,0,0,0,0,51,0,51,plant,MDV
Maldives,0,0,0,0,0,0,0,0,0,0,0,0,0,0,0,chromist,MDV
Niue,0,0,0,0,0,0,0,0,0,0,0,0,0,0,0,fungus,NIU
Myanmar,0,0,0,1,0,1,38,85,177,300,3,258,"3,226",434,"4,221",animal,MMR
Myanmar,0,0,0,3,0,3,14,42,33,89,0,39,"1,134",46,"1,308",plant,MMR
Myanmar,0,0,0,0,0,0,0,0,0,0,0,0,0,0,0,chromist,MMR
Norfolk Island,0,0,0,0,0,0,0,0,0,0,0,0,0,0,0,fungus,NFK
Nepal,0,0,0,0,0,0,14,25,54,93,0,66,"1,271",65,"1,495",animal,NPL
Nepal,0,0,0,0,0,0,2,9,11,22,0,5,693,15,735,plant,NPL
North Macedonia,0,0,0,0,0,0,0,2,5,7,0,2,3,0,12,fungus,MKD
Nepal,0,0,0,0,0,0,0,0,0,0,0,0,0,0,0,chromist,NPL
Philippines,15,0,15,3,0,18,54,184,409,647,5,352,"3,652",597,"5,268",animal,PHL
Philippines,0,0,0,6,0,6,205,236,160,601,3,95,961,48,"1,708",plant,PHL
Northern Mariana Islands,0,0,0,0,0,0,0,0,0,0,0,0,0,0,0,fungus,MNP
Philippines,0,0,0,0,0,0,0,0,0,0,0,0,0,0,0,chromist,PHL
Singapore,1,0,1,1,0,2,21,49,208,278,3,229,"1,853",154,"2,518",animal,SGP
Singapore,0,0,0,0,0,0,11,17,41,69,8,32,428,9,546,plant,SGP
Norway,0,0,0,0,0,0,2,6,34,42,0,19,40,1,102,fungus,NOR
Singapore,0,0,0,0,0,0,0,0,0,0,0,0,0,0,0,chromist,SGP
Sri Lanka,18,0,18,9,0,27,88,134,155,377,2,177,"2,044",165,"2,783",animal,LKA
Sri Lanka,1,1,2,1,0,3,83,79,136,298,3,9,630,6,948,plant,LKA
Oman,0,0,0,0,0,0,0,0,0,0,0,0,0,0,0,fungus,OMN
Sri Lanka,0,0,0,0,0,0,0,0,0,0,0,0,0,0,0,chromist,LKA
Thailand,2,0,2,5,0,7,58,122,341,521,2,366,"3,974",528,"5,393",animal,THA
Thailand,0,0,0,0,0,0,18,80,98,196,2,68,"1,353",94,"1,713",plant,THA
Pakistan,0,0,0,0,0,0,0,0,0,0,0,1,4,0,5,fungus,PAK
Thailand,0,0,0,0,0,0,0,0,0,0,0,0,0,0,0,chromist,THA
Timor-Leste,0,0,0,0,0,0,8,16,20,44,0,36,"1,393",59,"1,532",animal,TLS
Timor-Leste,0,0,0,0,0,0,1,3,1,5,0,2,194,2,203,plant,TLS
Timor-Leste,0,0,0,0,0,0,0,0,0,0,0,0,0,0,0,chromist,TLS
Palau,0,0,0,0,0,0,0,0,0,0,0,0,0,0,0,fungus,PLW
Viet Nam,1,0,1,9,0,10,74,151,280,505,2,253,"3,392",640,"4,793",animal,VNM
Viet Nam,0,1,1,2,1,4,64,100,114,278,1,55,"1,305",99,"1,739",plant,VNM
"Palestine, State of",0,0,0,0,0,0,0,0,0,0,0,0,1,0,1,fungus,PSE
Viet Nam,0,0,0,0,0,0,0,0,0,0,0,0,0,0,0,chromist,VNM
Angola,0,0,0,0,0,0,16,44,78,138,0,66,"2,655",228,"3,087",animal,AGO
Angola,0,0,0,1,0,1,2,10,37,49,0,20,"1,273",63,"1,405",plant,AGO
Angola,0,0,0,0,0,0,0,0,0,0,0,0,0,0,0,chromist,AGO
Panama,0,0,0,0,0,0,0,0,1,1,0,0,1,0,2,fungus,PAN
Benin,0,0,0,0,0,0,15,26,51,92,0,48,"1,748",107,"1,995",animal,BEN
Benin,0,0,0,0,0,0,0,4,14,18,0,7,833,1,859,plant,BEN
Papua New Guinea,0,0,0,0,0,0,0,3,0,3,0,0,1,1,5,fungus,PNG
Benin,0,0,0,0,0,0,0,0,0,0,0,0,0,0,0,chromist,BEN
Botswana,0,0,0,0,0,0,4,11,17,32,0,27,"1,111",9,"1,179",animal,BWA
Botswana,0,0,0,0,0,0,0,1,2,3,0,2,606,9,620,plant,BWA
Botswana,0,0,0,0,0,0,0,0,0,0,0,0,0,0,0,chromist,BWA
Paraguay,0,0,0,0,0,0,0,1,0,1,0,0,0,0,1,fungus,PRY
Burkina Faso,0,1,1,0,0,1,7,11,12,30,0,18,817,9,875,animal,BFA
Burkina Faso,0,0,0,0,0,0,0,2,3,5,0,3,604,3,615,plant,BFA
Burkina Faso,0,0,0,0,0,0,0,0,0,0,0,0,0,0,0,chromist,BFA
Peru,0,0,0,0,0,0,1,0,0,1,0,0,1,0,2,fungus,PER
Burundi,0,0,0,0,0,0,6,19,32,57,0,38,"1,072",36,"1,203",animal,BDI
Burundi,0,0,0,16,1,17,22,63,49,134,1,18,674,9,836,plant,BDI
Burundi,0,0,0,0,0,0,0,0,0,0,0,0,0,0,0,chromist,BDI
Philippines,0,0,0,0,0,0,0,1,0,1,0,0,2,0,3,fungus,PHL
Cabo Verde,1,0,1,0,0,1,9,22,39,70,0,30,905,95,"1,101",animal,CPV
Cabo Verde,2,0,2,0,0,2,17,27,7,51,0,7,80,9,149,plant,CPV
Pitcairn,0,0,0,0,0,0,0,0,0,0,0,0,0,0,0,fungus,PCN
Cabo Verde,0,0,0,0,0,0,0,0,0,0,0,0,0,0,0,chromist,CPV
Cameroon,0,0,0,6,0,6,67,117,118,302,0,78,"2,704",209,"3,293",animal,CMR
Cameroon,1,0,1,8,1,10,138,225,326,689,2,76,"1,461",32,"2,261",plant,CMR
Cameroon,0,0,0,0,0,0,0,0,0,0,0,0,0,0,0,chromist,CMR
Poland,0,0,0,0,0,0,0,4,24,28,0,18,32,2,80,fungus,POL
Central African Republic,0,0,0,0,0,0,9,13,24,46,0,27,"1,408",50,"1,531",animal,CAF
Central African Republic,0,0,0,0,0,0,2,13,22,37,1,10,968,7,"1,023",plant,CAF
Central African Republic,0,0,0,0,0,0,0,0,0,0,0,0,0,0,0,chromist,CAF
Portugal,0,0,0,0,0,0,1,4,5,10,0,5,26,0,41,fungus,PRT
Chad,0,1,1,1,0,2,11,11,23,45,0,20,860,13,939,animal,TCD
Chad,0,0,0,0,0,0,1,2,4,7,0,2,567,4,580,plant,TCD
Puerto Rico,0,0,0,0,0,0,0,0,0,0,0,0,2,0,2,fungus,PRI
Chad,0,0,0,0,0,0,0,0,0,0,0,0,0,0,0,chromist,TCD
Comoros,0,0,0,1,0,1,7,29,87,123,0,112,"1,344",77,"1,656",animal,COM
Comoros,0,0,0,0,0,0,2,5,5,12,0,0,143,0,155,plant,COM
Comoros,0,0,0,0,0,0,0,0,0,0,0,0,0,0,0,chromist,COM
Qatar,0,0,0,0,0,0,0,0,0,0,0,0,1,0,1,fungus,QAT
Congo,0,0,0,0,0,0,10,25,67,102,0,50,"2,038",142,"2,332",animal,COG
Congo,0,0,0,0,0,0,1,19,48,68,1,15,977,5,"1,066",plant,COG
Congo,0,0,0,0,0,0,0,0,0,0,0,0,0,0,0,chromist,COG
Réunion,0,0,0,0,0,0,0,0,0,0,0,0,0,0,0,fungus,REU
"Congo, The Democratic Republic of the",0,0,0,4,0,4,31,84,152,267,0,98,"3,700",423,"4,488",animal,COD
"Congo, The Democratic Republic of the",2,0,2,4,0,6,16,86,143,245,3,50,"1,636",43,"1,979",plant,COD
Romania,0,0,0,0,0,0,0,1,7,8,0,3,16,0,27,fungus,ROU
"Congo, The Democratic Republic of the",0,0,0,0,0,0,0,0,0,0,0,0,0,0,0,chromist,COD
Côte d'Ivoire,0,0,0,2,0,2,19,49,84,152,0,80,"2,075",138,"2,445",animal,CIV
Côte d'Ivoire,2,0,2,1,0,3,5,30,104,139,1,36,"1,075",10,"1,263",plant,CIV
Côte d'Ivoire,0,0,0,0,0,0,0,0,0,0,0,0,0,0,0,chromist,CIV
Russian Federation,0,0,0,0,0,0,0,4,33,37,0,23,45,4,109,fungus,RUS
Djibouti,0,0,0,0,0,0,11,18,86,115,0,119,"1,463",112,"1,809",animal,DJI
Djibouti,0,0,0,0,0,0,0,2,1,3,0,0,121,0,124,plant,DJI
Djibouti,0,0,0,0,0,0,0,0,0,0,0,0,0,0,0,chromist,DJI
Rwanda,0,0,0,0,0,0,0,0,0,0,0,0,0,0,0,fungus,RWA
Equatorial Guinea,0,0,0,0,0,0,16,35,57,108,0,42,"1,593",113,"1,856",animal,GNQ
Equatorial Guinea,0,0,0,0,0,0,2,38,78,118,0,31,628,8,785,plant,GNQ
Equatorial Guinea,0,0,0,0,0,0,0,0,0,0,0,0,0,0,0,chromist,GNQ
Saint Barthélemy,0,0,0,0,0,0,0,0,0,0,0,0,0,0,0,fungus,BLM
Eritrea,0,0,0,0,0,0,16,27,104,147,0,134,"1,607",118,"2,006",animal,ERI
Eritrea,0,0,0,0,0,0,0,2,4,6,0,6,262,2,276,plant,ERI
Eritrea,0,0,0,0,0,0,0,0,0,0,0,0,0,0,0,chromist,ERI
"Saint Helena, Ascension and Tristan da Cunha",0,0,0,0,0,0,0,0,1,1,0,0,0,0,1,fungus,SHN
Eswatini,0,0,0,0,0,0,4,10,17,31,0,20,883,6,940,animal,SWZ
Eswatini,0,1,1,0,0,1,2,4,9,15,0,5,517,4,542,plant,SWZ
Eswatini,0,0,0,0,0,0,0,0,0,0,0,0,0,0,0,chromist,SWZ
Saint Kitts and Nevis,0,0,0,0,0,0,0,0,0,0,0,0,0,0,0,fungus,KNA
Ethiopia,0,0,0,2,0,2,17,41,60,118,0,44,"1,402",63,"1,627",animal,ETH
Ethiopia,0,0,0,3,0,3,10,26,29,65,1,29,895,19,"1,009",plant,ETH
Ethiopia,0,0,0,0,0,0,0,0,0,0,0,0,0,0,0,chromist,ETH
Saint Lucia,0,0,0,0,0,0,0,0,0,0,0,0,0,0,0,fungus,LCA
Gabon,0,0,0,0,0,0,12,37,69,118,0,50,"2,078",165,"2,411",animal,GAB
Gabon,0,0,0,6,0,6,50,104,160,314,1,45,"1,026",16,"1,402",plant,GAB
Gabon,0,0,0,0,0,0,0,0,0,0,0,0,0,0,0,chromist,GAB
Saint Martin (French part),0,0,0,0,0,0,0,0,0,0,0,0,0,0,0,fungus,MAF
Gambia,0,0,0,0,0,0,16,23,50,89,0,48,"1,551",112,"1,800",animal,GMB
Gambia,0,0,0,0,0,0,0,1,7,8,0,2,365,1,376,plant,GMB
Gambia,0,0,0,0,0,0,0,0,0,0,0,0,0,0,0,chromist,GMB
Saint Pierre and Miquelon,0,0,0,0,0,0,0,0,0,0,0,0,0,0,0,fungus,SPM
Ghana,0,0,0,2,0,2,27,35,79,141,0,76,"2,157",132,"2,506",animal,GHA
Ghana,0,0,0,0,0,0,3,31,93,127,1,24,"1,048",7,"1,207",plant,GHA
Ghana,0,0,0,0,0,0,0,0,0,0,0,0,0,0,0,chromist,GHA
Saint Vincent and the Grenadines,0,0,0,0,0,0,0,0,0,0,0,0,0,0,0,fungus,VCT
Guinea,0,0,0,1,0,1,21,58,101,180,0,75,"2,061",148,"2,464",animal,GIN
Guinea,0,0,0,14,0,14,32,87,75,194,1,31,909,13,"1,148",plant,GIN
Guinea,0,0,0,0,0,0,0,0,0,0,0,0,0,0,0,chromist,GIN
Samoa,0,0,0,0,0,0,0,0,0,0,0,0,0,0,0,fungus,WSM
Guinea-Bissau,0,0,0,0,0,0,13,22,50,85,0,45,"1,522",111,"1,763",animal,GNB
Guinea-Bissau,0,0,0,0,0,0,1,1,10,12,0,8,524,2,546,plant,GNB
Guinea-Bissau,0,0,0,0,0,0,0,0,0,0,0,0,0,0,0,chromist,GNB
San Marino,0,0,0,0,0,0,0,0,0,0,0,0,0,0,0,fungus,SMR
Kenya,2,0,2,18,0,20,56,70,160,286,2,181,"3,388",243,"4,102",animal,KEN
Kenya,0,0,0,2,0,2,29,127,169,325,1,75,"1,291",22,"1,714",plant,KEN
Sao Tome and Principe,0,0,0,0,0,0,0,0,0,0,0,0,0,0,0,fungus,STP
Kenya,0,0,0,0,0,0,0,0,0,0,0,0,0,0,0,chromist,KEN
Lesotho,0,0,0,0,0,0,0,8,8,16,0,19,423,3,461,animal,LSO
Lesotho,0,0,0,0,0,0,0,2,3,5,0,1,185,1,192,plant,LSO
Lesotho,0,0,0,0,0,0,0,0,0,0,0,0,0,0,0,chromist,LSO
Saudi Arabia,0,0,0,0,0,0,0,0,0,0,0,0,1,0,1,fungus,SAU
Liberia,0,0,0,2,0,2,22,43,74,139,0,68,"1,809",128,"2,144",animal,LBR
Liberia,0,0,0,1,0,1,5,29,68,102,0,20,724,4,850,plant,LBR
Liberia,0,0,0,0,0,0,0,0,0,0,0,0,0,0,0,chromist,LBR
Senegal,0,0,0,0,0,0,0,0,0,0,0,0,0,0,0,fungus,SEN
Madagascar,0,1,1,101,7,109,499,"1,343",852,"2,694",0,212,"1,455",85,"4,447",plant,MDG
Madagascar,13,0,13,9,0,22,150,318,321,789,2,284,"2,391",433,"3,912",animal,MDG
Madagascar,0,0,0,0,0,0,0,0,0,0,0,0,0,0,0,chromist,MDG
Serbia,0,0,0,0,0,0,0,0,7,7,0,5,23,0,35,fungus,SRB
Malawi,1,0,1,5,0,6,28,28,35,91,0,66,"1,569",59,"1,786",animal,MWI
Malawi,0,0,0,0,0,0,1,21,24,46,1,11,"1,008",24,"1,090",plant,MWI
Malawi,0,0,0,0,0,0,0,0,0,0,0,0,0,0,0,chromist,MWI
Seychelles,0,0,0,0,0,0,0,0,0,0,0,0,0,0,0,fungus,SYC
Mali,0,1,1,0,0,1,7,12,24,43,0,21,986,13,"1,064",animal,MLI
Mali,0,0,0,0,0,0,3,14,11,28,0,9,642,12,691,plant,MLI
Mali,0,0,0,0,0,0,0,0,0,0,0,0,0,0,0,chromist,MLI
Sierra Leone,0,0,0,0,0,0,0,0,0,0,0,0,0,0,0,fungus,SLE
Mauritania,0,1,1,0,0,1,15,28,61,104,0,52,"1,449",119,"1,725",animal,MRT
Mauritania,0,0,0,0,0,0,0,0,0,0,0,2,234,0,236,plant,MRT
Singapore,0,0,0,0,0,0,0,0,0,0,0,0,1,0,1,fungus,SGP
Mauritania,0,0,0,0,0,0,0,0,0,0,0,0,0,0,0,chromist,MRT
Mauritius,44,0,44,1,0,45,19,43,124,186,2,117,"1,485",139,"1,973",animal,MUS
Mauritius,1,0,1,0,0,1,64,17,11,92,0,0,154,1,248,plant,MUS
Sint Maarten (Dutch part),0,0,0,0,0,0,0,0,0,0,0,0,0,0,0,fungus,SXM
Mauritius,0,0,0,0,0,0,0,0,0,0,0,0,0,0,0,chromist,MUS
Mayotte,5,0,5,0,0,5,2,18,83,103,0,110,"1,208",59,"1,485",animal,MYT
Mayotte,0,0,0,0,0,0,0,6,4,10,0,0,78,0,88,plant,MYT
Mayotte,0,0,0,0,0,0,0,0,0,0,0,0,0,0,0,chromist,MYT
Slovakia,0,0,0,0,0,0,0,4,28,32,0,12,35,2,81,fungus,SVK
Mozambique,1,0,1,2,0,3,22,63,151,236,2,187,"3,344",223,"3,993",animal,MOZ
Mozambique,0,0,0,1,0,1,22,99,133,254,0,42,"1,261",50,"1,607",plant,MOZ
Mozambique,0,0,0,0,0,0,0,0,0,0,0,0,0,0,0,chromist,MOZ
Slovenia,0,0,0,0,0,0,0,1,19,20,0,11,36,0,67,fungus,SVN
Namibia,1,0,1,0,0,1,10,33,55,98,0,53,"1,930",96,"2,178",animal,NAM
Namibia,0,0,0,1,0,1,3,4,24,31,0,12,694,11,748,plant,NAM
Solomon Islands,0,0,0,0,0,0,0,0,0,0,0,0,0,0,0,fungus,SLB
Namibia,0,0,0,0,0,0,0,0,0,0,0,0,0,0,0,chromist,NAM
Niger,0,1,1,0,0,1,6,11,20,37,0,19,733,7,797,animal,NER
Niger,0,0,0,0,0,0,0,1,3,4,0,2,386,3,395,plant,NER
Niger,0,0,0,0,0,0,0,0,0,0,0,0,0,0,0,chromist,NER
Somalia,0,0,0,0,0,0,0,0,0,0,0,0,0,0,0,fungus,SOM
Nigeria,0,1,1,3,0,4,28,61,89,178,0,74,"2,500",152,"2,905",animal,NGA
Nigeria,0,0,0,1,0,1,19,51,152,222,2,34,"1,343",12,"1,613",plant,NGA
South Africa,0,0,0,0,0,0,0,0,0,0,0,0,7,0,7,fungus,ZAF
Nigeria,0,0,0,0,0,0,0,0,0,0,0,0,0,0,0,chromist,NGA
Réunion,20,0,20,1,0,21,10,26,94,130,0,100,"1,303",94,"1,647",animal,REU
Réunion,0,0,0,0,0,0,9,8,4,21,0,1,100,2,124,plant,REU
Réunion,0,0,0,0,0,0,0,0,0,0,0,0,0,0,0,chromist,REU
South Georgia and the South Sandwich Islands,0,0,0,0,0,0,0,0,0,0,0,0,0,0,0,fungus,SGS
Rwanda,1,0,1,0,0,1,11,16,31,58,0,32,"1,029",19,"1,139",animal,RWA
Rwanda,0,1,1,3,0,4,4,52,56,112,1,17,670,7,808,plant,RWA
Rwanda,0,0,0,0,0,0,0,0,0,0,0,0,0,0,0,chromist,RWA
South Sudan,0,0,0,0,0,0,0,0,0,0,0,0,0,0,0,fungus,SSD
"Saint Helena, Ascension and Tristan da Cunha",28,0,28,13,0,41,46,58,39,143,0,17,611,52,851,animal,SHN
"Saint Helena, Ascension and Tristan da Cunha",8,2,10,0,0,10,27,6,11,44,0,1,26,5,86,plant,SHN
Spain,0,0,0,0,0,0,0,4,38,42,0,14,43,2,101,fungus,ESP
"Saint Helena, Ascension and Tristan da Cunha",0,0,0,0,0,0,0,0,0,0,0,0,0,0,0,chromist,SHN
Sao Tome and Principe,0,0,0,0,0,0,9,21,31,61,0,17,741,97,916,animal,STP
Sao Tome and Principe,2,0,2,0,0,2,1,21,32,54,0,13,166,0,235,plant,STP
Sao Tome and Principe,0,0,0,0,0,0,0,0,0,0,0,0,0,0,0,chromist,STP
Sri Lanka,0,0,0,0,0,0,0,0,0,0,0,0,1,0,1,fungus,LKA
Senegal,0,1,1,0,0,1,19,42,73,134,0,64,"1,885",152,"2,236",animal,SEN
Senegal,2,0,2,0,0,2,1,9,14,24,0,9,737,7,779,plant,SEN
Senegal,0,0,0,0,0,0,0,0,0,0,0,0,0,0,0,chromist,SEN
Sudan,0,0,0,0,0,0,0,0,0,0,0,0,1,0,1,fungus,SDN
Seychelles,20,0,20,29,0,49,86,158,152,396,2,125,"1,623",114,"2,280",animal,SYC
Seychelles,2,0,2,0,0,2,17,13,31,61,0,8,116,0,187,plant,SYC
Seychelles,0,0,0,0,0,0,0,0,0,0,0,0,0,0,0,chromist,SYC
Suriname,0,0,0,0,0,0,0,0,0,0,0,0,0,0,0,fungus,SUR
Sierra Leone,0,0,0,1,0,1,20,39,72,131,0,67,"1,867",140,"2,205",animal,SLE
Sierra Leone,1,0,1,1,0,2,8,37,77,122,1,26,811,9,970,plant,SLE
Sierra Leone,0,0,0,0,0,0,0,0,0,0,0,0,0,0,0,chromist,SLE
Svalbard and Jan Mayen,0,0,0,0,0,0,0,0,0,0,0,0,2,0,2,fungus,SJM
Somalia,0,0,0,1,0,1,16,35,108,159,0,144,"2,307",188,"2,798",animal,SOM
Somalia,0,0,0,0,0,0,3,23,30,56,0,44,419,12,531,plant,SOM
Somalia,0,0,0,0,0,0,0,0,0,0,0,0,0,0,0,chromist,SOM
Sweden,0,0,0,0,0,0,1,5,39,45,0,25,41,1,112,fungus,SWE
South Africa,6,0,6,6,0,12,85,178,213,476,2,189,"3,720",340,"4,733",animal,ZAF
South Africa,2,3,5,7,3,15,63,115,136,314,2,121,"1,361",38,"1,841",plant,ZAF
Switzerland,0,0,0,0,0,0,1,5,34,40,0,19,34,1,94,fungus,CHE
South Africa,0,0,0,0,0,0,0,0,0,0,0,0,0,0,0,chromist,ZAF
South Sudan,0,0,0,0,0,0,6,16,22,44,0,20,"1,117",21,"1,202",animal,SSD
South Sudan,0,0,0,0,0,0,0,4,14,18,1,7,622,2,650,plant,SSD
South Sudan,0,0,0,0,0,0,0,0,0,0,0,0,0,0,0,chromist,SSD
Syrian Arab Republic,0,0,0,0,0,0,0,0,0,0,0,0,1,0,1,fungus,SYR
Sudan,0,1,1,0,0,1,18,28,100,146,0,130,"2,161",135,"2,573",animal,SDN
Sudan,0,0,0,0,0,0,1,3,15,19,1,5,661,4,690,plant,SDN
"Taiwan, Province of China",0,0,0,0,0,0,0,1,1,2,0,1,8,0,11,fungus,TWN
Sudan,0,0,0,0,0,0,0,0,0,0,0,0,0,0,0,chromist,SDN
"Tanzania, United Republic of",2,1,3,61,1,65,128,158,261,547,0,221,"3,994",351,"5,116",animal,TZA
"Tanzania, United Republic of",0,0,0,40,1,41,109,404,350,863,2,102,"1,744",63,"2,774",plant,TZA
"Tanzania, United Republic of",0,0,0,0,0,0,0,0,0,0,0,0,0,0,0,chromist,TZA
Tajikistan,0,0,0,0,0,0,0,0,1,1,0,0,2,0,3,fungus,TJK
Togo,0,0,0,1,0,1,18,20,48,86,0,45,"1,764",105,"2,000",animal,TGO
Togo,0,0,0,0,0,0,0,3,11,14,0,6,722,1,743,plant,TGO
"Tanzania, United Republic of",0,0,0,0,0,0,0,0,0,0,0,0,0,0,0,fungus,TZA
Togo,0,0,0,0,0,0,0,0,0,0,0,0,0,0,0,chromist,TGO
Uganda,0,0,0,28,0,28,49,39,73,161,0,58,"1,874",125,"2,218",animal,UGA
Uganda,0,0,0,3,0,3,8,34,66,108,1,26,"1,145",13,"1,293",plant,UGA
Uganda,0,0,0,0,0,0,0,0,0,0,0,0,0,0,0,chromist,UGA
Thailand,0,0,0,0,0,0,0,1,0,1,0,0,3,0,4,fungus,THA
Zambia,0,0,0,0,0,0,10,26,40,76,0,40,"1,868",71,"2,055",animal,ZMB
Zambia,0,0,0,0,0,0,3,15,18,36,0,19,"1,125",35,"1,215",plant,ZMB
Timor-Leste,0,0,0,0,0,0,0,0,0,0,0,0,0,0,0,fungus,TLS
Zambia,0,0,0,0,0,0,0,0,0,0,0,0,0,0,0,chromist,ZMB
Zimbabwe,0,0,0,1,0,1,9,15,27,51,0,32,"1,424",26,"1,533",animal,ZWE
Zimbabwe,0,0,0,0,2,2,2,21,50,73,0,21,"1,116",19,"1,229",plant,ZWE
Zimbabwe,0,0,0,0,0,0,0,0,0,0,0,0,0,0,0,chromist,ZWE
Togo,0,0,0,0,0,0,0,0,0,0,0,0,1,0,1,fungus,TGO
Afghanistan,0,0,0,0,0,0,4,9,24,37,0,27,590,21,675,animal,AFG
Afghanistan,0,0,0,0,0,0,1,4,3,8,0,6,324,13,351,plant,AFG
Tokelau,0,0,0,0,0,0,0,0,0,0,0,0,0,0,0,fungus,TKL
Afghanistan,0,0,0,0,0,0,0,0,0,0,0,0,0,0,0,chromist,AFG
Armenia,0,0,0,0,0,0,7,8,26,41,0,38,471,18,568,animal,ARM
Armenia,0,0,0,0,0,0,18,43,15,76,0,12,245,36,369,plant,ARM
Tonga,0,0,0,0,0,0,0,0,0,0,0,0,0,0,0,fungus,TON
Armenia,0,0,0,0,0,0,0,0,0,0,0,0,0,0,0,chromist,ARM
Azerbaijan,0,1,1,2,0,3,13,10,31,54,0,41,583,45,724,animal,AZE
Azerbaijan,0,0,0,0,0,0,7,18,21,46,0,18,262,25,351,plant,AZE
Trinidad and Tobago,0,0,0,0,0,0,0,0,0,0,0,0,0,0,0,fungus,TTO
Azerbaijan,0,0,0,0,0,0,0,0,0,0,0,0,0,0,0,chromist,AZE
Bahrain,0,0,0,0,0,0,10,10,30,50,0,53,642,31,776,animal,BHR
Bahrain,0,0,0,0,0,0,0,0,0,0,0,0,26,0,26,plant,BHR
Bahrain,0,0,0,0,0,0,0,0,0,0,0,0,0,0,0,chromist,BHR
Tunisia,0,0,0,0,0,0,0,1,1,2,0,0,2,0,4,fungus,TUN
Cyprus,0,0,0,1,0,1,10,21,35,66,0,37,650,66,819,animal,CYP
Cyprus,0,0,0,0,0,0,7,5,11,23,0,10,230,11,274,plant,CYP
Turkey,0,0,0,0,0,0,0,0,7,7,0,3,8,0,18,fungus,TUR
Cyprus,0,0,0,0,0,0,0,0,0,0,0,0,0,0,0,chromist,CYP
Georgia,0,0,0,0,0,0,7,10,39,56,0,47,601,24,728,animal,GEO
Georgia,0,0,0,0,0,0,9,17,39,65,0,13,319,27,424,plant,GEO
Turkmenistan,0,0,0,0,0,0,0,0,0,0,0,0,3,0,3,fungus,TKM
Georgia,0,0,0,0,0,0,0,0,0,0,0,0,0,0,0,chromist,GEO
"Iran, Islamic Republic of",0,1,1,1,0,2,23,40,94,157,0,98,"1,698",163,"2,117",animal,IRN
"Iran, Islamic Republic of",0,0,0,0,0,0,2,7,4,13,0,12,420,30,475,plant,IRN
Turks and Caicos Islands,0,0,0,0,0,0,0,0,0,0,0,0,0,0,0,fungus,TCA
"Iran, Islamic Republic of",0,0,0,0,0,0,0,0,0,0,0,0,0,0,0,chromist,IRN
Iraq,0,0,0,1,0,1,12,16,53,81,0,71,935,48,"1,135",animal,IRQ
Iraq,0,0,0,0,0,0,0,3,1,4,0,6,252,16,278,plant,IRQ
Tuvalu,0,0,0,0,0,0,0,0,0,0,0,0,0,0,0,fungus,TUV
Iraq,0,0,0,0,0,0,0,0,0,0,0,0,0,0,0,chromist,IRQ
Israel,4,0,4,0,0,4,23,46,122,191,0,135,"1,601",154,"2,085",animal,ISR
Israel,0,0,0,0,0,0,3,23,13,39,0,9,282,9,339,plant,ISR
Uganda,0,0,0,0,0,0,0,0,0,0,0,0,0,0,0,fungus,UGA
Israel,0,0,0,0,0,0,0,0,0,0,0,0,0,0,0,chromist,ISR
Jordan,0,0,0,0,0,0,4,26,88,118,0,118,"1,253",97,"1,586",animal,JOR
Jordan,0,0,0,0,0,0,0,5,3,8,0,4,191,7,210,plant,JOR
Jordan,0,0,0,0,0,0,0,0,0,0,0,0,0,0,0,chromist,JOR
Ukraine,0,0,0,0,0,0,0,2,10,12,0,5,18,1,36,fungus,UKR
Kazakhstan,1,1,2,2,0,4,15,19,44,78,0,38,760,60,938,animal,KAZ
Kazakhstan,0,0,0,0,0,0,5,5,3,13,0,2,304,26,345,plant,KAZ
United Arab Emirates,0,0,0,0,0,0,0,0,0,0,0,0,0,0,0,fungus,ARE
Kazakhstan,0,0,0,0,0,0,0,0,0,0,0,0,0,0,0,chromist,KAZ
Kuwait,1,0,1,0,0,1,8,13,39,60,0,55,753,35,904,animal,KWT
Kuwait,0,0,0,0,0,0,0,0,0,0,0,1,29,0,30,plant,KWT
United Kingdom,0,0,0,0,0,0,1,2,34,37,0,10,40,0,87,fungus,GBR
Kuwait,0,0,0,0,0,0,0,0,0,0,0,0,0,0,0,chromist,KWT
Kyrgyzstan,0,0,0,0,0,0,1,12,26,39,0,24,461,14,538,animal,KGZ
Kyrgyzstan,0,0,0,0,0,0,6,4,2,12,0,2,187,21,222,plant,KGZ
United States,0,0,0,1,0,1,12,30,30,72,0,19,43,6,140,fungus,USA
Kyrgyzstan,0,0,0,0,0,0,0,0,0,0,0,0,0,0,0,chromist,KGZ
Lebanon,0,0,0,0,0,0,9,27,47,83,0,40,722,69,914,animal,LBN
Lebanon,0,0,0,5,0,5,17,61,22,100,0,11,315,19,445,plant,LBN
Lebanon,0,0,0,0,0,0,0,0,0,0,0,0,0,0,0,chromist,LBN
United States Minor Outlying Islands,0,0,0,0,0,0,0,0,0,0,0,0,0,0,0,fungus,UMI
Oman,0,0,0,1,0,1,13,34,70,117,0,94,"1,581",129,"1,921",animal,OMN
Oman,0,0,0,0,0,0,0,1,5,6,0,5,154,1,166,plant,OMN
Oman,0,0,0,0,0,0,0,0,0,0,0,0,0,0,0,chromist,OMN
Uruguay,0,0,0,0,0,0,0,0,0,0,0,0,3,0,3,fungus,URY
Pakistan,0,0,0,1,0,1,20,46,89,155,0,97,"1,667",96,"2,015",animal,PAK
Pakistan,0,0,0,0,0,0,4,6,7,17,0,7,480,20,524,plant,PAK
Uzbekistan,0,0,0,0,0,0,0,0,0,0,0,0,5,0,5,fungus,UZB
Pakistan,0,0,0,0,0,0,0,0,0,0,0,0,0,0,0,chromist,PAK
"Palestine, State of",0,0,0,0,0,0,4,13,17,34,0,22,366,21,443,animal,PSE
"Palestine, State of",0,0,0,0,0,0,1,6,4,11,0,6,224,5,246,plant,PSE
Vanuatu,0,0,0,0,0,0,0,0,0,0,0,0,0,0,0,fungus,VUT
"Palestine, State of",0,0,0,0,0,0,0,0,0,0,0,0,0,0,0,chromist,PSE
Qatar,0,0,0,0,0,0,11,10,36,57,0,54,666,25,802,animal,QAT
Qatar,0,0,0,0,0,0,0,0,0,0,0,0,31,0,31,plant,QAT
"Venezuela, Bolivarian Republic of",0,0,0,0,0,0,0,0,1,1,0,0,4,0,5,fungus,VEN
Qatar,0,0,0,0,0,0,0,0,0,0,0,0,0,0,0,chromist,QAT
Saudi Arabia,1,0,1,0,0,1,13,34,106,153,2,139,"1,602",151,"2,048",animal,SAU
Saudi Arabia,0,0,0,0,0,0,0,3,1,4,0,0,259,0,263,plant,SAU
Viet Nam,0,0,0,0,0,0,0,0,0,0,0,0,1,0,1,fungus,VNM
Saudi Arabia,0,0,0,0,0,0,0,0,0,0,0,0,0,0,0,chromist,SAU
Syrian Arab Republic,1,0,1,6,0,7,18,37,65,120,0,51,857,90,"1,119",animal,SYR
Syrian Arab Republic,0,0,0,0,0,0,5,25,14,44,0,14,307,28,393,plant,SYR
"Virgin Islands, British",0,0,0,0,0,0,0,0,0,0,0,0,0,0,0,fungus,VGB
Syrian Arab Republic,0,0,0,0,0,0,0,0,0,0,0,0,0,0,0,chromist,SYR
Tajikistan,0,0,0,1,0,1,3,9,24,36,0,21,460,26,543,animal,TJK
Tajikistan,0,0,0,0,0,0,6,3,2,11,0,2,190,19,222,plant,TJK
"Virgin Islands, U.S.",0,0,0,0,0,0,0,0,0,0,0,0,0,0,0,fungus,VIR
Tajikistan,0,0,0,0,0,0,0,0,0,0,0,0,0,0,0,chromist,TJK
Turkey,4,0,4,12,0,16,69,108,124,301,0,104,"1,295",196,"1,900",animal,TUR
Turkey,0,0,0,0,0,0,67,42,23,132,0,31,651,71,885,plant,TUR
Wallis and Futuna,0,0,0,0,0,0,0,0,0,0,0,0,0,0,0,fungus,WLF
Turkey,0,0,0,0,0,0,0,0,0,0,0,0,0,0,0,chromist,TUR
Turkmenistan,0,1,1,1,0,2,11,14,30,55,0,29,573,44,702,animal,TKM
Turkmenistan,0,0,0,0,0,0,0,2,2,4,0,3,180,11,198,plant,TKM
Western Sahara,0,0,0,0,0,0,0,0,0,0,0,0,0,0,0,fungus,ESH
Turkmenistan,0,0,0,0,0,0,0,0,0,0,0,0,0,0,0,chromist,TKM
United Arab Emirates,0,0,0,0,0,0,10,25,45,80,0,57,"1,072",58,"1,267",animal,ARE
United Arab Emirates,0,0,0,0,0,0,0,0,0,0,0,0,54,0,54,plant,ARE
United Arab Emirates,0,0,0,0,0,0,0,0,0,0,0,0,0,0,0,chromist,ARE
Yemen,0,0,0,0,0,0,0,0,0,0,0,0,1,0,1,fungus,YEM
Uzbekistan,0,0,0,2,0,2,9,10,28,47,0,28,505,22,602,animal,UZB
Uzbekistan,0,0,0,0,0,0,4,7,3,14,0,1,198,16,229,plant,UZB
Zambia,0,0,0,0,0,0,0,0,0,0,0,0,1,0,1,fungus,ZMB
Uzbekistan,0,0,0,0,0,0,0,0,0,0,0,0,0,0,0,chromist,UZB
Yemen,2,0,2,1,0,3,11,34,118,163,0,154,"1,909",185,"2,413",animal,YEM
Yemen,3,0,3,0,0,3,6,28,129,163,0,23,426,32,647,plant,YEM
Zimbabwe,0,0,0,0,0,0,0,0,0,0,0,0,0,0,0,fungus,ZWE
Yemen,0,0,0,0,0,0,0,0,0,0,0,0,0,0,0,chromist,YEM
