"Name","EX","EW","Subtotal (EX+EW)","CR(PE)","CR(PEW)","Subtotal (EX+EW+ CR(PE)+CR(PEW))","CR","EN","VU","Subtotal (threatened spp.)","LR/cd","NT or LR/nt","LC or LR/lc","DD","Total"
"Antarctica","0","0","0","0","0","0","0","0","0","0","0","0","0","0","0"
"Bouvet Island","0","0","0","0","0","0","0","0","0","0","0","0","0","0","0"
"French Southern Territories","0","0","0","0","0","0","0","0","0","0","0","0","0","0","0"
"Heard Island and McDonald Islands","0","0","0","0","0","0","0","0","0","0","0","0","0","0","0"
"South Georgia and the South Sandwich Islands","0","0","0","0","0","0","0","0","0","0","0","0","0","0","0"
"Anguilla","0","0","0","0","0","0","0","0","0","0","0","0","0","0","0"
"Antigua and Barbuda","0","0","0","0","0","0","0","0","0","0","0","0","0","0","0"
"Aruba","0","0","0","0","0","0","0","0","0","0","0","0","0","0","0"
"Bahamas","0","0","0","0","0","0","0","0","0","0","0","0","0","0","0"
"Barbados","0","0","0","0","0","0","0","0","0","0","0","0","0","0","0"
"Bermuda","0","0","0","0","0","0","0","0","0","0","0","0","0","0","0"
"Bonaire, Sint Eustatius and Saba","0","0","0","0","0","0","0","0","0","0","0","0","0","0","0"
"Cayman Islands","0","0","0","0","0","0","0","0","0","0","0","0","0","0","0"
"Cuba","0","0","0","0","0","0","0","0","0","0","0","0","3","0","3"
"Curaçao","0","0","0","0","0","0","0","0","0","0","0","0","1","0","1"
"Dominica","0","0","0","0","0","0","0","0","0","0","0","0","0","0","0"
"Dominican Republic","0","0","0","0","0","0","0","0","0","0","0","0","1","0","1"
"Grenada","0","0","0","0","0","0","0","0","0","0","0","0","0","0","0"
"Guadeloupe","0","0","0","0","0","0","0","0","0","0","0","0","0","0","0"
"Haiti","0","0","0","0","0","0","0","0","0","0","0","0","0","0","0"
"Jamaica","0","0","0","0","0","0","0","0","0","0","0","0","1","0","1"
"Martinique","0","0","0","0","0","0","0","0","0","0","0","0","0","0","0"
"Montserrat","0","0","0","0","0","0","0","0","0","0","0","0","0","0","0"
"Puerto Rico","0","0","0","0","0","0","0","0","0","0","0","0","2","0","2"
"Saint Barthélemy","0","0","0","0","0","0","0","0","0","0","0","0","0","0","0"
"Saint Kitts and Nevis","0","0","0","0","0","0","0","0","0","0","0","0","0","0","0"
"Saint Lucia","0","0","0","0","0","0","0","0","0","0","0","0","0","0","0"
"Saint Martin (French part)","0","0","0","0","0","0","0","0","0","0","0","0","0","0","0"
"Saint Vincent and the Grenadines","0","0","0","0","0","0","0","0","0","0","0","0","0","0","0"
"Sint Maarten (Dutch part)","0","0","0","0","0","0","0","0","0","0","0","0","0","0","0"
"Trinidad and Tobago","0","0","0","0","0","0","0","0","0","0","0","0","0","0","0"
"Turks and Caicos Islands","0","0","0","0","0","0","0","0","0","0","0","0","0","0","0"
"Virgin Islands, British","0","0","0","0","0","0","0","0","0","0","0","0","0","0","0"
"Virgin Islands, U.S.","0","0","0","0","0","0","0","0","0","0","0","0","0","0","0"
"China","0","0","0","0","0","0","0","1","7","8","0","5","19","1","33"
"Hong Kong","0","0","0","0","0","0","0","0","0","0","0","0","1","0","1"
"Japan","0","0","0","0","0","0","0","4","8","12","0","9","25","2","48"
"Korea, Democratic People's Republic of","0","0","0","0","0","0","0","1","1","2","0","0","13","0","15"
"Korea, Republic of","0","0","0","0","0","0","0","1","2","3","0","4","17","0","24"
"Macao","0","0","0","0","0","0","0","0","0","0","0","0","0","0","0"
"Mongolia","0","0","0","0","0","0","0","1","3","4","0","0","6","1","11"
"Taiwan, Province of China","0","0","0","0","0","0","0","1","1","2","0","1","8","0","11"
"Åland Islands","0","0","0","0","0","0","0","0","0","0","0","0","1","0","1"
"Albania","0","0","0","0","0","0","0","0","0","0","0","1","1","0","2"
"Andorra","0","0","0","0","0","0","0","0","0","0","0","0","23","0","23"
"Austria","0","0","0","0","0","0","0","6","40","46","0","21","39","1","107"
"Belgium","0","0","0","0","0","0","0","2","21","23","0","7","38","0","68"
"Bosnia and Herzegovina","0","0","0","0","0","0","0","0","1","1","0","1","4","0","6"
"Bulgaria","0","0","0","0","0","0","0","0","8","8","0","5","12","0","25"
"Croatia","0","0","0","0","0","0","0","5","19","24","0","8","19","1","52"
"Czechia","0","0","0","0","0","0","0","2","29","31","0","17","31","3","82"
"Denmark","0","0","0","0","0","0","0","2","27","29","0","11","38","0","78"
"Estonia","0","0","0","0","0","0","0","1","24","25","0","17","36","1","79"
"Faroe Islands","0","0","0","0","0","0","0","0","4","4","0","0","5","0","9"
"Finland","0","0","0","0","0","0","0","2","27","29","0","14","38","1","82"
"France","0","0","0","0","0","0","1","9","44","54","0","22","42","1","119"
"Germany","0","0","0","0","0","0","1","7","39","47","0","23","41","2","113"
"Gibraltar","0","0","0","0","0","0","0","0","0","0","0","0","0","0","0"
"Greece","0","0","0","0","0","0","0","3","4","7","0","2","12","0","21"
"Greenland","0","0","0","0","0","0","0","0","2","2","0","1","1","0","4"
"Guernsey","0","0","0","0","0","0","0","0","0","0","0","0","1","0","1"
"Holy See (Vatican City State)","0","0","0","0","0","0","0","0","0","0","0","0","0","0","0"
"Hungary","0","0","0","0","0","0","0","3","15","18","0","8","20","1","47"
"Iceland","0","0","0","0","0","0","0","0","6","6","0","3","19","0","28"
"Ireland","0","0","0","0","0","0","0","2","17","19","0","3","29","0","51"
"Isle of Man","0","0","0","0","0","0","0","0","0","0","0","0","18","0","18"
"Italy","0","0","0","0","0","0","1","8","35","44","0","19","41","0","104"
"Jersey","0","0","0","0","0","0","0","0","1","1","0","1","0","0","2"
"Latvia","0","0","0","0","0","0","0","0","9","9","0","3","11","0","23"
"Liechtenstein","0","0","0","0","0","0","0","0","4","4","0","0","1","0","5"
"Lithuania","0","0","0","0","0","0","0","2","11","13","0","6","12","0","31"
"Luxembourg","0","0","0","0","0","0","0","0","2","2","0","1","29","0","32"
"Malta","0","0","0","0","0","0","0","0","1","1","0","1","1","0","3"
"Monaco","0","0","0","0","0","0","0","0","0","0","0","0","0","0","0"
"Montenegro","0","0","0","0","0","0","0","0","4","4","0","2","3","0","9"
"Netherlands","0","0","0","0","0","0","0","2","24","26","0","9","35","0","70"
"North Macedonia","0","0","0","0","0","0","0","2","5","7","0","2","3","0","12"
"Norway","0","0","0","0","0","0","2","6","34","42","0","19","40","1","102"
"Poland","0","0","0","0","0","0","0","4","24","28","0","18","32","2","80"
"Portugal","0","0","0","0","0","0","1","4","5","10","0","5","26","0","41"
"Romania","0","0","0","0","0","0","0","1","7","8","0","3","16","0","27"
"San Marino","0","0","0","0","0","0","0","0","0","0","0","0","0","0","0"
"Serbia","0","0","0","0","0","0","0","0","7","7","0","5","23","0","35"
"Slovakia","0","0","0","0","0","0","0","4","28","32","0","12","35","2","81"
"Slovenia","0","0","0","0","0","0","0","1","19","20","0","11","36","0","67"
"Spain","0","0","0","0","0","0","0","4","38","42","0","14","43","2","101"
"Svalbard and Jan Mayen","0","0","0","0","0","0","0","0","0","0","0","0","2","0","2"
"Sweden","0","0","0","0","0","0","1","5","39","45","0","25","41","1","112"
"Switzerland","0","0","0","0","0","0","1","5","34","40","0","19","34","1","94"
"United Kingdom","0","0","0","0","0","0","1","2","34","37","0","10","40","0","87"
"Belize","0","0","0","0","0","0","0","0","0","0","0","0","0","0","0"
"Costa Rica","0","0","0","0","0","0","0","0","4","4","0","5","5","0","14"
"El Salvador","0","0","0","0","0","0","0","0","0","0","0","0","1","0","1"
"Guatemala","0","0","0","0","0","0","0","0","1","1","0","0","1","0","2"
"Honduras","0","0","0","0","0","0","0","0","1","1","0","0","0","0","1"
"Mexico","0","0","0","0","0","0","1","1","4","6","0","3","19","1","29"
"Nicaragua","0","0","0","0","0","0","0","0","0","0","0","0","0","0","0"
"Panama","0","0","0","0","0","0","0","0","1","1","0","0","1","0","2"
"Algeria","0","0","0","0","0","0","0","0","2","2","0","1","3","0","6"
"Egypt","0","0","0","0","0","0","0","0","0","0","0","0","2","0","2"
"Libya","0","0","0","0","0","0","0","0","0","0","0","0","2","0","2"
"Morocco","0","0","0","0","0","0","0","1","4","5","0","2","4","0","11"
"Tunisia","0","0","0","0","0","0","0","1","1","2","0","0","2","0","4"
"Western Sahara","0","0","0","0","0","0","0","0","0","0","0","0","0","0","0"
"Canada","0","0","0","0","0","0","1","10","14","25","0","16","36","2","79"
"Saint Pierre and Miquelon","0","0","0","0","0","0","0","0","0","0","0","0","0","0","0"
"United States","0","0","0","1","0","1","12","30","30","72","0","19","43","6","140"
"Belarus","0","0","0","0","0","0","0","1","2","3","0","2","7","0","12"
"Moldova","0","0","0","0","0","0","0","0","0","0","0","0","2","0","2"
"Russian Federation","0","0","0","0","0","0","0","4","33","37","0","23","45","4","109"
"Ukraine","0","0","0","0","0","0","0","2","10","12","0","5","18","1","36"
"American Samoa","0","0","0","0","0","0","0","0","0","0","0","0","0","0","0"
"Australia","0","0","0","0","0","0","1","5","7","13","0","2","12","3","30"
"Christmas Island","0","0","0","0","0","0","0","0","0","0","0","0","0","0","0"
"Cocos (Keeling) Islands","0","0","0","0","0","0","0","0","0","0","0","0","0","0","0"
"Cook Islands","0","0","0","0","0","0","0","0","0","0","0","0","0","0","0"
"Fiji","0","0","0","0","0","0","0","0","0","0","0","0","0","0","0"
"French Polynesia","0","0","0","0","0","0","0","0","0","0","0","0","0","0","0"
"Guam","0","0","0","0","0","0","0","0","0","0","0","0","0","0","0"
"Kiribati","0","0","0","0","0","0","0","0","0","0","0","0","0","0","0"
"Marshall Islands","0","0","0","0","0","0","0","0","0","0","0","0","0","0","0"
"Micronesia, Federated States of","0","0","0","0","0","0","0","0","0","0","0","0","0","0","0"
"Nauru","0","0","0","0","0","0","0","0","0","0","0","0","0","0","0"
"New Caledonia","0","0","0","0","0","0","1","3","0","4","0","1","0","1","6"
"New Zealand","0","0","0","0","0","0","2","9","2","13","0","4","13","10","40"
"Niue","0","0","0","0","0","0","0","0","0","0","0","0","0","0","0"
"Norfolk Island","0","0","0","0","0","0","0","0","0","0","0","0","0","0","0"
"Northern Mariana Islands","0","0","0","0","0","0","0","0","0","0","0","0","0","0","0"
"Palau","0","0","0","0","0","0","0","0","0","0","0","0","0","0","0"
"Papua New Guinea","0","0","0","0","0","0","0","3","0","3","0","0","1","1","5"
"Pitcairn","0","0","0","0","0","0","0","0","0","0","0","0","0","0","0"
"Samoa","0","0","0","0","0","0","0","0","0","0","0","0","0","0","0"
"Solomon Islands","0","0","0","0","0","0","0","0","0","0","0","0","0","0","0"
"Tokelau","0","0","0","0","0","0","0","0","0","0","0","0","0","0","0"
"Tonga","0","0","0","0","0","0","0","0","0","0","0","0","0","0","0"
"Tuvalu","0","0","0","0","0","0","0","0","0","0","0","0","0","0","0"
"United States Minor Outlying Islands","0","0","0","0","0","0","0","0","0","0","0","0","0","0","0"
"Vanuatu","0","0","0","0","0","0","0","0","0","0","0","0","0","0","0"
"Wallis and Futuna","0","0","0","0","0","0","0","0","0","0","0","0","0","0","0"
"Argentina","0","0","0","0","0","0","5","4","10","19","0","4","30","3","56"
"Bolivia, Plurinational States of","0","0","0","0","0","0","0","0","0","0","0","0","1","0","1"
"Brazil","0","0","0","0","0","0","1","2","13","16","0","1","5","4","26"
"Chile","0","0","0","0","0","0","1","7","7","15","0","5","27","2","49"
"Colombia","0","0","0","0","0","0","1","0","4","5","0","5","8","0","18"
"Ecuador","0","0","0","0","0","0","0","0","1","1","0","0","4","0","5"
"Falkland Islands (Malvinas)","0","0","0","0","0","0","0","0","6","6","0","0","0","0","6"
"French Guiana","0","0","0","0","0","0","0","0","0","0","0","1","1","0","2"
"Guyana","0","0","0","0","0","0","0","0","1","1","0","0","2","8","11"
"Paraguay","0","0","0","0","0","0","0","1","0","1","0","0","0","0","1"
"Peru","0","0","0","0","0","0","1","0","0","1","0","0","1","0","2"
"Suriname","0","0","0","0","0","0","0","0","0","0","0","0","0","0","0"
"Uruguay","0","0","0","0","0","0","0","0","0","0","0","0","3","0","3"
"Venezuela, Bolivarian Republic of","0","0","0","0","0","0","0","0","1","1","0","0","4","0","5"
"Bangladesh","0","0","0","0","0","0","0","0","0","0","0","0","0","0","0"
"Bhutan","0","0","0","0","0","0","0","0","2","2","0","0","2","0","4"
"British Indian Ocean Territory","0","0","0","0","0","0","0","0","0","0","0","0","0","0","0"
"Brunei Darussalam","0","0","0","0","0","0","0","0","0","0","0","0","0","0","0"
"Cambodia","0","0","0","0","0","0","0","0","0","0","0","0","0","0","0"
"Disputed Territory","0","0","0","0","0","0","0","0","0","0","0","0","0","0","0"
"India","0","0","0","0","0","0","0","1","2","3","0","2","12","0","17"
"Indonesia","0","0","0","0","0","0","0","1","1","2","0","0","0","0","2"
"Lao People's Democratic Republic","0","0","0","0","0","0","0","0","1","1","0","0","0","0","1"
"Malaysia","0","0","0","0","0","0","0","2","2","4","0","0","1","1","6"
"Maldives","0","0","0","0","0","0","0","0","0","0","0","0","0","0","0"
"Myanmar","0","0","0","0","0","0","0","0","0","0","0","0","0","0","0"
"Nepal","0","0","0","0","0","0","0","0","2","2","0","0","3","0","5"
"Philippines","0","0","0","0","0","0","0","1","0","1","0","0","2","0","3"
"Singapore","0","0","0","0","0","0","0","0","0","0","0","0","1","0","1"
"Sri Lanka","0","0","0","0","0","0","0","0","0","0","0","0","1","0","1"
"Thailand","0","0","0","0","0","0","0","1","0","1","0","0","3","0","4"
"Timor-Leste","0","0","0","0","0","0","0","0","0","0","0","0","0","0","0"
"Viet Nam","0","0","0","0","0","0","0","0","0","0","0","0","1","0","1"
"Angola","0","0","0","0","0","0","0","0","0","0","0","0","0","0","0"
"Benin","0","0","0","0","0","0","0","0","0","0","0","0","1","0","1"
"Botswana","0","0","0","0","0","0","0","0","0","0","0","0","0","0","0"
"Burkina Faso","0","0","0","0","0","0","0","0","0","0","0","0","0","0","0"
"Burundi","0","0","0","0","0","0","0","0","0","0","0","0","0","0","0"
"Cabo Verde","0","0","0","0","0","0","0","0","0","0","0","0","1","0","1"
"Cameroon","0","0","0","0","0","0","0","0","0","0","0","0","0","0","0"
"Central African Republic","0","0","0","0","0","0","0","0","0","0","0","0","0","0","0"
"Chad","0","0","0","0","0","0","0","0","0","0","0","0","1","0","1"
"Comoros","0","0","0","0","0","0","0","0","0","0","0","0","0","0","0"
"Congo","0","0","0","0","0","0","0","0","0","0","0","0","0","0","0"
"Congo, The Democratic Republic of the","0","0","0","0","0","0","0","0","0","0","0","0","2","0","2"
"Côte d'Ivoire","0","0","0","0","0","0","0","0","0","0","0","0","0","0","0"
"Djibouti","0","0","0","0","0","0","0","0","0","0","0","0","0","0","0"
"Equatorial Guinea","0","0","0","0","0","0","0","0","0","0","0","0","0","0","0"
"Eritrea","0","0","0","0","0","0","0","0","0","0","0","0","0","0","0"
"Eswatini","0","0","0","0","0","0","0","0","0","0","0","0","0","0","0"
"Ethiopia","0","0","0","0","0","0","0","0","0","0","0","0","0","0","0"
"Gabon","0","0","0","0","0","0","0","0","0","0","0","0","0","0","0"
"Gambia","0","0","0","0","0","0","0","0","0","0","0","0","0","0","0"
"Ghana","0","0","0","0","0","0","0","0","0","0","0","0","0","0","0"
"Guinea","0","0","0","0","0","0","0","0","0","0","0","0","0","0","0"
"Guinea-Bissau","0","0","0","0","0","0","0","0","0","0","0","0","0","0","0"
"Kenya","0","0","0","0","0","0","0","0","0","0","0","0","2","0","2"
"Lesotho","0","0","0","0","0","0","0","0","0","0","0","0","0","0","0"
"Liberia","0","0","0","0","0","0","0","0","0","0","0","0","0","0","0"
"Madagascar","0","0","0","0","0","0","0","0","0","0","0","0","0","0","0"
"Malawi","0","0","0","0","0","0","0","0","0","0","0","0","0","0","0"
"Mali","0","0","0","0","0","0","0","0","0","0","0","0","0","0","0"
"Mauritania","0","0","0","0","0","0","0","0","0","0","0","0","1","0","1"
"Mauritius","0","0","0","0","0","0","0","0","0","0","0","1","0","0","1"
"Mayotte","0","0","0","0","0","0","0","0","0","0","0","0","0","0","0"
"Mozambique","0","0","0","0","0","0","0","0","0","0","0","0","0","0","0"
"Namibia","0","0","0","0","0","0","0","0","0","0","0","0","1","0","1"
"Niger","0","0","0","0","0","0","0","0","0","0","0","0","0","0","0"
"Nigeria","0","0","0","0","0","0","0","0","0","0","0","0","1","0","1"
"Réunion","0","0","0","0","0","0","0","0","0","0","0","0","0","0","0"
"Rwanda","0","0","0","0","0","0","0","0","0","0","0","0","0","0","0"
"Saint Helena, Ascension and Tristan da Cunha","0","0","0","0","0","0","0","0","1","1","0","0","0","0","1"
"Sao Tome and Principe","0","0","0","0","0","0","0","0","0","0","0","0","0","0","0"
"Senegal","0","0","0","0","0","0","0","0","0","0","0","0","0","0","0"
"Seychelles","0","0","0","0","0","0","0","0","0","0","0","0","0","0","0"
"Sierra Leone","0","0","0","0","0","0","0","0","0","0","0","0","0","0","0"
"Somalia","0","0","0","0","0","0","0","0","0","0","0","0","0","0","0"
"South Africa","0","0","0","0","0","0","0","0","0","0","0","0","7","0","7"
"South Sudan","0","0","0","0","0","0","0","0","0","0","0","0","0","0","0"
"Sudan","0","0","0","0","0","0","0","0","0","0","0","0","1","0","1"
"Tanzania, United Republic of","0","0","0","0","0","0","0","0","0","0","0","0","0","0","0"
"Togo","0","0","0","0","0","0","0","0","0","0","0","0","1","0","1"
"Uganda","0","0","0","0","0","0","0","0","0","0","0","0","0","0","0"
"Zambia","0","0","0","0","0","0","0","0","0","0","0","0","1","0","1"
"Zimbabwe","0","0","0","0","0","0","0","0","0","0","0","0","0","0","0"
"Afghanistan","0","0","0","0","0","0","0","0","0","0","0","0","2","0","2"
"Armenia","0","0","0","0","0","0","0","0","0","0","0","0","4","0","4"
"Azerbaijan","0","0","0","0","0","0","0","0","0","0","0","0","3","0","3"
"Bahrain","0","0","0","0","0","0","0","0","0","0","0","0","0","0","0"
"Cyprus","0","0","0","0","0","0","0","0","1","1","0","1","1","0","3"
"Georgia","0","0","0","0","0","0","0","0","4","4","0","1","9","0","14"
"Iran, Islamic Republic of","0","0","0","0","0","0","0","0","0","0","0","0","2","0","2"
"Iraq","0","0","0","0","0","0","0","0","0","0","0","0","1","0","1"
"Israel","0","0","0","0","0","0","0","0","1","1","0","1","4","0","6"
"Jordan","0","0","0","0","0","0","0","0","0","0","0","0","0","0","0"
"Kazakhstan","0","0","0","0","0","0","0","0","1","1","0","3","4","1","9"
"Kuwait","0","0","0","0","0","0","0","0","0","0","0","0","1","0","1"
"Kyrgyzstan","0","0","0","0","0","0","0","0","0","0","0","0","2","0","2"
"Lebanon","0","0","0","0","0","0","0","0","0","0","0","0","0","0","0"
"Oman","0","0","0","0","0","0","0","0","0","0","0","0","0","0","0"
"Pakistan","0","0","0","0","0","0","0","0","0","0","0","1","4","0","5"
"Palestine, State of","0","0","0","0","0","0","0","0","0","0","0","0","1","0","1"
"Qatar","0","0","0","0","0","0","0","0","0","0","0","0","1","0","1"
"Saudi Arabia","0","0","0","0","0","0","0","0","0","0","0","0","1","0","1"
"Syrian Arab Republic","0","0","0","0","0","0","0","0","0","0","0","0","1","0","1"
"Tajikistan","0","0","0","0","0","0","0","0","1","1","0","0","2","0","3"
"Turkey","0","0","0","0","0","0","0","0","7","7","0","3","8","0","18"
"Turkmenistan","0","0","0","0","0","0","0","0","0","0","0","0","3","0","3"
"United Arab Emirates","0","0","0","0","0","0","0","0","0","0","0","0","0","0","0"
"Uzbekistan","0","0","0","0","0","0","0","0","0","0","0","0","5","0","5"
"Yemen","0","0","0","0","0","0","0","0","0","0","0","0","1","0","1"